{
  "N_sequences": 16,
  "seq_len": 49,
  "vocab_size": 64,
  "used_tokens": 57,
  "unused_tokens": 7,
  "pct_unused": 0.109375,
  "token_utilization": 89.0625,
  "entropy_nats": 3.583996506172543,
  "entropy_bits": 5.170613986018499,
  "perplexity": 36.01719654372181,
  "effective_vocab_ratio": 0.5627686959956533,
  "token_counts": [
    2.0,
    0.0,
    19.0,
    0.0,
    4.0,
    20.0,
    18.0,
    4.0,
    1.0,
    4.0,
    0.0,
    21.0,
    24.0,
    7.0,
    2.0,
    2.0,
    9.0,
    15.0,
    0.0,
    41.0,
    0.0,
    8.0,
    0.0,
    2.0,
    7.0,
    22.0,
    11.0,
    22.0,
    13.0,
    4.0,
    27.0,
    17.0,
    1.0,
    11.0,
    12.0,
    3.0,
    1.0,
    8.0,
    18.0,
    1.0,
    15.0,
    8.0,
    19.0,
    45.0,
    0.0,
    6.0,
    1.0,
    9.0,
    8.0,
    21.0,
    1.0,
    11.0,
    7.0,
    7.0,
    13.0,
    11.0,
    14.0,
    14.0,
    14.0,
    38.0,
    28.0,
    2.0,
    3.0,
    108.0
  ],
  "per_position_used_tokens": [
    8,
    8,
    7,
    8,
    10,
    6,
    8,
    8,
    8,
    11,
    9,
    12,
    9,
    11,
    10,
    8,
    9,
    13,
    12,
    9,
    13,
    11,
    9,
    12,
    13,
    10,
    11,
    12,
    11,
    13,
    14,
    12,
    12,
    12,
    11,
    10,
    9,
    10,
    11,
    10,
    7,
    11,
    9,
    11,
    9,
    12,
    12,
    10,
    10
  ],
  "per_position_perplexity": [
    5.187358218604038,
    5.187358218604038,
    4.603782035294115,
    6.0985175654302015,
    8.136438710788363,
    5.106083043687101,
    7.100002492649186,
    6.301254424453084,
    5.187358218604038,
    8.872849330471652,
    6.871566675357254,
    10.94970070458694,
    7.2210918909855915,
    9.717862787041229,
    8.724061861322058,
    4.64898956198259,
    6.871566675357254,
    11.940733288722281,
    11.313708498984758,
    6.262688930244811,
    12.337686603263528,
    10.040919817987259,
    7.999999999999999,
    10.94970070458694,
    12.337686603263522,
    9.20756407058823,
    10.040919817987259,
    9.675910805653087,
    8.872849330471649,
    11.940733288722276,
    13.021461985045097,
    10.94970070458694,
    10.949700704586935,
    10.94970070458694,
    9.717862787041229,
    8.911319467025024,
    6.262688930244811,
    8.724061861322058,
    9.513656920021766,
    8.724061861322058,
    5.266272671291981,
    9.717862787041232,
    7.336032345637368,
    9.717862787041229,
    8.17171598155044,
    11.313708498984754,
    11.313708498984754,
    8.724061861322058,
    9.513656920021766
  ],
  "per_position_summary": {
    "used_tokens_min": 6,
    "used_tokens_mean": 10.224489795918368,
    "used_tokens_max": 14,
    "ppl_min": 4.603782035294115,
    "ppl_mean": 8.745021274558221,
    "ppl_max": 13.021461985045097
  },
  "run_id": "generation_riemannian_refined_seed123_temp0p70_tp0p95_cs1p15",
  "metric_tag": "riemannian",
  "sampler_tag": "refined",
  "seed": 123,
  "user_tag": "generation",
  "temperature": 0.7,
  "top_p": 0.95,
  "codebook_scale": 1.15
}