{
  "N_sequences": 16,
  "seq_len": 49,
  "vocab_size": 64,
  "used_tokens": 59,
  "unused_tokens": 5,
  "pct_unused": 0.078125,
  "token_utilization": 92.1875,
  "entropy_nats": 3.5380402453109947,
  "entropy_bits": 5.104313116375744,
  "perplexity": 34.39943862862903,
  "effective_vocab_ratio": 0.5374912285723286,
  "token_counts": [
    2.0,
    0.0,
    15.0,
    1.0,
    3.0,
    26.0,
    18.0,
    3.0,
    1.0,
    4.0,
    2.0,
    20.0,
    14.0,
    9.0,
    3.0,
    1.0,
    6.0,
    12.0,
    0.0,
    34.0,
    1.0,
    10.0,
    0.0,
    3.0,
    5.0,
    24.0,
    14.0,
    22.0,
    12.0,
    3.0,
    43.0,
    18.0,
    0.0,
    12.0,
    5.0,
    1.0,
    3.0,
    5.0,
    18.0,
    1.0,
    19.0,
    9.0,
    14.0,
    42.0,
    0.0,
    8.0,
    4.0,
    5.0,
    9.0,
    24.0,
    1.0,
    10.0,
    9.0,
    6.0,
    19.0,
    11.0,
    9.0,
    14.0,
    10.0,
    37.0,
    24.0,
    2.0,
    1.0,
    123.0
  ],
  "per_position_used_tokens": [
    7,
    8,
    7,
    9,
    10,
    7,
    8,
    8,
    7,
    11,
    7,
    12,
    8,
    10,
    9,
    8,
    9,
    13,
    11,
    9,
    13,
    9,
    10,
    11,
    13,
    12,
    11,
    11,
    12,
    10,
    11,
    14,
    13,
    10,
    10,
    10,
    9,
    9,
    10,
    9,
    7,
    12,
    8,
    11,
    10,
    12,
    13,
    9,
    12
  ],
  "per_position_perplexity": [
    4.263142225154348,
    5.187358218604038,
    4.603782035294115,
    6.650480562896535,
    8.136438710788363,
    5.298702257124208,
    6.301254424453084,
    5.742911070367629,
    4.263142225154348,
    8.872849330471652,
    5.096835364334098,
    11.313708498984758,
    6.0985175654302015,
    9.20756407058823,
    7.4611471950799295,
    4.64898956198259,
    6.871566675357254,
    12.337686603263522,
    10.374716437208074,
    7.2210918909855915,
    12.337686603263522,
    8.443373480795465,
    8.724061861322058,
    9.717862787041229,
    12.337686603263522,
    10.94970070458694,
    9.717862787041229,
    8.872849330471649,
    9.675910805653087,
    8.724061861322058,
    10.374716437208074,
    13.45434264405943,
    11.940733288722281,
    8.911319467025024,
    8.724061861322058,
    7.493496595001984,
    5.65685424949238,
    6.871566675357254,
    7.493496595001984,
    6.871566675357254,
    4.603782035294115,
    10.374716437208077,
    6.0985175654302015,
    9.20756407058823,
    8.724061861322058,
    10.949700704586935,
    12.337686603263522,
    7.336032345637368,
    10.94970070458694
  ],
  "per_position_summary": {
    "used_tokens_min": 7,
    "used_tokens_mean": 9.979591836734693,
    "used_tokens_max": 14,
    "ppl_min": 4.263142225154348,
    "ppl_mean": 8.322997113566295,
    "ppl_max": 13.45434264405943
  },
  "run_id": "generation_riemannian_refined_seed123_temp0p70_tp0p90_cs1p15",
  "metric_tag": "riemannian",
  "sampler_tag": "refined",
  "seed": 123,
  "user_tag": "generation",
  "temperature": 0.7,
  "top_p": 0.9,
  "codebook_scale": 1.15
}