{
  "N_sequences": 16,
  "seq_len": 49,
  "vocab_size": 64,
  "used_tokens": 60,
  "unused_tokens": 4,
  "pct_unused": 0.0625,
  "token_utilization": 93.75,
  "entropy_nats": 3.6515250636385397,
  "entropy_bits": 5.2680371009930775,
  "perplexity": 38.53338712853883,
  "effective_vocab_ratio": 0.6020841738834192,
  "token_counts": [
    2.0,
    0.0,
    39.0,
    1.0,
    4.0,
    14.0,
    11.0,
    3.0,
    1.0,
    7.0,
    3.0,
    25.0,
    12.0,
    8.0,
    6.0,
    4.0,
    6.0,
    15.0,
    0.0,
    36.0,
    0.0,
    7.0,
    1.0,
    1.0,
    3.0,
    38.0,
    13.0,
    23.0,
    16.0,
    2.0,
    38.0,
    16.0,
    1.0,
    11.0,
    13.0,
    2.0,
    3.0,
    5.0,
    17.0,
    3.0,
    12.0,
    8.0,
    33.0,
    42.0,
    0.0,
    13.0,
    2.0,
    11.0,
    6.0,
    30.0,
    3.0,
    9.0,
    15.0,
    7.0,
    18.0,
    14.0,
    13.0,
    16.0,
    10.0,
    23.0,
    3.0,
    3.0,
    3.0,
    80.0
  ],
  "per_position_used_tokens": [
    10,
    8,
    9,
    12,
    11,
    9,
    11,
    10,
    11,
    13,
    11,
    11,
    10,
    10,
    11,
    13,
    14,
    10,
    14,
    10,
    13,
    11,
    12,
    12,
    14,
    9,
    10,
    12,
    15,
    13,
    10,
    11,
    11,
    14,
    13,
    12,
    11,
    12,
    13,
    12,
    11,
    11,
    14,
    13,
    13,
    14,
    13,
    12,
    14
  ],
  "per_position_perplexity": [
    8.136438710788363,
    6.301254424453084,
    6.8419021448334885,
    11.313708498984758,
    10.040919817987259,
    7.4611471950799295,
    9.717862787041229,
    8.136438710788363,
    9.513656920021766,
    12.337686603263522,
    10.040919817987259,
    10.040919817987259,
    8.724061861322058,
    7.493496595001984,
    10.040919817987259,
    11.313708498984758,
    13.45434264405943,
    8.136438710788363,
    13.45434264405943,
    9.20756407058823,
    11.940733288722281,
    9.717862787041229,
    10.949700704586935,
    10.94970070458694,
    13.45434264405943,
    7.742607620176543,
    9.20756407058823,
    10.94970070458694,
    14.672064691274741,
    11.940733288722281,
    9.20756407058823,
    10.040919817987263,
    10.040919817987259,
    13.45434264405943,
    11.940733288722276,
    11.313708498984754,
    9.717862787041229,
    10.597404514248414,
    11.940733288722276,
    10.94970070458694,
    9.20756407058823,
    9.513656920021766,
    13.45434264405943,
    12.337686603263522,
    12.337686603263522,
    13.45434264405943,
    12.337686603263522,
    10.94970070458694,
    13.021461985045097
  ],
  "per_position_summary": {
    "used_tokens_min": 8,
    "used_tokens_mean": 11.693877551020408,
    "used_tokens_max": 15,
    "ppl_min": 6.301254424453084,
    "ppl_mean": 10.59287263280475,
    "ppl_max": 14.672064691274741
  },
  "run_id": "generation_riemannian_base_seed123",
  "metric_tag": "riemannian",
  "sampler_tag": "base",
  "seed": 123,
  "user_tag": "generation",
  "temperature": null,
  "top_p": null,
  "codebook_scale": null
}