{
  "N_sequences": 16,
  "seq_len": 49,
  "vocab_size": 64,
  "used_tokens": 59,
  "unused_tokens": 5,
  "pct_unused": 0.078125,
  "token_utilization": 92.1875,
  "entropy_nats": 3.5926444361555747,
  "entropy_bits": 5.183090311718974,
  "perplexity": 36.33002143188945,
  "effective_vocab_ratio": 0.5676565848732726,
  "token_counts": [
    1.0,
    0.0,
    31.0,
    0.0,
    2.0,
    23.0,
    14.0,
    2.0,
    2.0,
    3.0,
    4.0,
    16.0,
    17.0,
    8.0,
    6.0,
    3.0,
    11.0,
    11.0,
    0.0,
    33.0,
    0.0,
    6.0,
    1.0,
    0.0,
    8.0,
    35.0,
    15.0,
    29.0,
    21.0,
    5.0,
    35.0,
    16.0,
    1.0,
    14.0,
    15.0,
    1.0,
    3.0,
    10.0,
    14.0,
    1.0,
    12.0,
    10.0,
    30.0,
    37.0,
    1.0,
    7.0,
    1.0,
    10.0,
    6.0,
    24.0,
    2.0,
    12.0,
    8.0,
    4.0,
    14.0,
    9.0,
    13.0,
    7.0,
    3.0,
    31.0,
    16.0,
    3.0,
    2.0,
    105.0
  ],
  "per_position_used_tokens": [
    10,
    8,
    9,
    9,
    12,
    8,
    9,
    9,
    9,
    11,
    11,
    13,
    12,
    9,
    10,
    11,
    13,
    12,
    14,
    11,
    10,
    11,
    13,
    10,
    12,
    12,
    11,
    13,
    13,
    12,
    14,
    13,
    12,
    12,
    11,
    9,
    8,
    10,
    9,
    9,
    9,
    9,
    9,
    12,
    11,
    13,
    12,
    11,
    11
  ],
  "per_position_perplexity": [
    7.493496595001984,
    6.0985175654302015,
    6.650480562896536,
    7.742607620176543,
    11.313708498984758,
    6.510730992522548,
    7.908798803583861,
    7.742607620176543,
    6.871566675357256,
    10.040919817987259,
    9.513656920021766,
    11.940733288722281,
    10.374716437208077,
    7.22109189098559,
    8.724061861322058,
    8.171715981550443,
    11.940733288722281,
    10.94970070458694,
    13.45434264405943,
    8.872849330471652,
    8.911319467025024,
    10.374716437208074,
    11.940733288722281,
    9.20756407058823,
    11.313708498984758,
    10.94970070458694,
    10.374716437208074,
    11.940733288722276,
    11.940733288722276,
    10.94970070458694,
    13.45434264405943,
    11.940733288722276,
    11.313708498984758,
    10.949700704586935,
    10.040919817987259,
    7.742607620176543,
    5.187358218604039,
    8.443373480795465,
    7.742607620176543,
    7.742607620176543,
    6.262688930244811,
    6.871566675357254,
    7.336032345637368,
    10.94970070458694,
    10.040919817987259,
    12.337686603263522,
    11.313708498984754,
    10.040919817987259,
    9.513656920021766
  ],
  "per_position_summary": {
    "used_tokens_min": 8,
    "used_tokens_mean": 10.83673469387755,
    "used_tokens_max": 14,
    "ppl_min": 5.187358218604039,
    "ppl_mean": 9.523785777846197,
    "ppl_max": 13.45434264405943
  },
  "run_id": "generation_riemannian_refined_seed123_temp0p90_tp0p90_cs1p15",
  "metric_tag": "riemannian",
  "sampler_tag": "refined",
  "seed": 123,
  "user_tag": "generation",
  "temperature": 0.9,
  "top_p": 0.9,
  "codebook_scale": 1.15
}