{
  "N_sequences": 60000,
  "seq_len": 49,
  "vocab_size": 64,
  "used_tokens": 64,
  "unused_tokens": 0,
  "pct_unused": 0.0,
  "token_utilization": 100.0,
  "entropy_nats": 3.7346830684831054,
  "entropy_bits": 5.388008742192553,
  "perplexity": 41.87475203113271,
  "effective_vocab_ratio": 0.6542930004864486,
  "token_counts": [
    11774.0,
    500.0,
    117169.0,
    1276.0,
    12824.0,
    48898.0,
    65213.0,
    29436.0,
    8693.0,
    22609.0,
    23772.0,
    100082.0,
    35303.0,
    40872.0,
    16660.0,
    15892.0,
    21357.0,
    46702.0,
    1102.0,
    149820.0,
    3108.0,
    37761.0,
    1838.0,
    7502.0,
    18581.0,
    121741.0,
    61266.0,
    69966.0,
    72472.0,
    23233.0,
    144236.0,
    61330.0,
    2699.0,
    32924.0,
    71385.0,
    6921.0,
    22690.0,
    44852.0,
    52013.0,
    4403.0,
    43176.0,
    38393.0,
    111848.0,
    130666.0,
    1034.0,
    30370.0,
    17398.0,
    37889.0,
    19874.0,
    78585.0,
    6388.0,
    37852.0,
    36551.0,
    40942.0,
    58992.0,
    30924.0,
    53166.0,
    70726.0,
    40387.0,
    76762.0,
    44152.0,
    8042.0,
    13951.0,
    281057.0
  ],
  "per_position_used_tokens": [
    59,
    64,
    64,
    63,
    64,
    64,
    64,
    64,
    61,
    64,
    64,
    63,
    64,
    64,
    63,
    61,
    63,
    63,
    62,
    61,
    64,
    64,
    62,
    63,
    63,
    61,
    62,
    63,
    64,
    62,
    61,
    60,
    59,
    61,
    64,
    64,
    63,
    64,
    62,
    62,
    64,
    63,
    64,
    63,
    63,
    64,
    62,
    64,
    64
  ],
  "per_position_perplexity": [
    17.555415138414325,
    15.413702678059625,
    26.3810176921157,
    27.146158828507172,
    33.22471135763297,
    20.89104821021501,
    25.543692282312335,
    20.377708825376104,
    19.785460967950264,
    33.59131576730431,
    32.09256898195521,
    33.02745126152479,
    26.04091294072612,
    26.049981875909264,
    29.029739379073543,
    24.667520890952396,
    33.31603646020976,
    31.843838223184733,
    29.57255307891135,
    31.489471948707738,
    38.27395531235574,
    32.34915558880499,
    29.873942660871084,
    32.558925547388995,
    28.109852711282596,
    26.122767547885566,
    30.097036467224743,
    38.280735879390484,
    39.30460202913639,
    34.960754521567615,
    26.478459057051314,
    27.348129602924143,
    25.42929397323405,
    33.88853345948874,
    42.53398570701227,
    35.811583174739944,
    31.732771144919173,
    29.163066532540693,
    29.731181240081042,
    30.67093818548448,
    30.776581817094776,
    34.41384121149162,
    27.63941025573828,
    28.80916372515932,
    30.759532922057534,
    33.03757183570948,
    31.733004326636063,
    28.477683085578658,
    36.19976974915287
  ],
  "per_position_summary": {
    "used_tokens_min": 59,
    "used_tokens_mean": 62.816326530612244,
    "used_tokens_max": 64,
    "ppl_min": 15.413702678059625,
    "ppl_mean": 29.82870481757236,
    "ppl_max": 42.53398570701227
  },
  "run_id": "dataset_riemannian_dataset_seed0",
  "metric_tag": "riemannian",
  "sampler_tag": "dataset",
  "seed": 0,
  "user_tag": "dataset",
  "temperature": null,
  "top_p": null,
  "codebook_scale": null
}