{
  "N_sequences": 16,
  "seq_len": 49,
  "vocab_size": 64,
  "used_tokens": 57,
  "unused_tokens": 7,
  "pct_unused": 0.109375,
  "token_utilization": 89.0625,
  "entropy_nats": 3.548272820419191,
  "entropy_bits": 5.119075601739863,
  "perplexity": 34.75324053327649,
  "effective_vocab_ratio": 0.5430193833324451,
  "token_counts": [
    1.0,
    0.0,
    26.0,
    0.0,
    2.0,
    22.0,
    19.0,
    1.0,
    0.0,
    6.0,
    3.0,
    17.0,
    26.0,
    9.0,
    5.0,
    3.0,
    5.0,
    12.0,
    0.0,
    36.0,
    0.0,
    10.0,
    1.0,
    2.0,
    6.0,
    30.0,
    13.0,
    24.0,
    12.0,
    3.0,
    26.0,
    15.0,
    1.0,
    10.0,
    14.0,
    1.0,
    5.0,
    11.0,
    20.0,
    0.0,
    20.0,
    8.0,
    18.0,
    37.0,
    1.0,
    5.0,
    0.0,
    10.0,
    7.0,
    25.0,
    1.0,
    17.0,
    6.0,
    6.0,
    15.0,
    11.0,
    15.0,
    6.0,
    4.0,
    27.0,
    21.0,
    2.0,
    2.0,
    123.0
  ],
  "per_position_used_tokens": [
    9,
    9,
    8,
    9,
    10,
    9,
    9,
    7,
    8,
    12,
    11,
    13,
    10,
    10,
    10,
    9,
    9,
    13,
    13,
    11,
    11,
    10,
    9,
    11,
    11,
    13,
    9,
    12,
    14,
    10,
    11,
    10,
    11,
    12,
    13,
    9,
    8,
    9,
    11,
    10,
    7,
    10,
    9,
    11,
    9,
    10,
    10,
    10,
    11
  ],
  "per_position_perplexity": [
    6.262688930244811,
    6.262688930244811,
    5.5581383769280786,
    7.742607620176543,
    9.20756407058823,
    7.493496595001984,
    7.742607620176543,
    6.098517565430203,
    5.742911070367629,
    10.94970070458694,
    9.513656920021766,
    12.337686603263522,
    7.493496595001984,
    8.724061861322058,
    8.724061861322058,
    6.262688930244811,
    7.4611471950799295,
    12.337686603263522,
    12.337686603263528,
    8.872849330471652,
    10.040919817987259,
    9.20756407058823,
    7.999999999999999,
    10.040919817987259,
    9.717862787041229,
    12.337686603263522,
    7.999999999999999,
    10.94970070458694,
    13.021461985045097,
    9.513656920021766,
    10.374716437208074,
    8.724061861322058,
    10.040919817987259,
    10.949700704586935,
    11.940733288722276,
    7.742607620176543,
    5.742911070367629,
    7.2210918909855915,
    8.872849330471652,
    7.493496595001984,
    4.756828460010884,
    8.136438710788363,
    6.650480562896537,
    9.513656920021766,
    7.336032345637368,
    9.20756407058823,
    8.911319467025024,
    8.724061861322058,
    10.040919817987259
  ],
  "per_position_summary": {
    "used_tokens_min": 7,
    "used_tokens_mean": 10.204081632653061,
    "used_tokens_max": 14,
    "ppl_min": 4.756828460010884,
    "ppl_mean": 8.782369541359785,
    "ppl_max": 13.021461985045097
  },
  "run_id": "generation_riemannian_refined_seed123_temp0p80_tp0p90_cs1p15",
  "metric_tag": "riemannian",
  "sampler_tag": "refined",
  "seed": 123,
  "user_tag": "generation",
  "temperature": 0.8,
  "top_p": 0.9,
  "codebook_scale": 1.15
}