{
  "N_sequences": 16,
  "seq_len": 49,
  "vocab_size": 64,
  "used_tokens": 56,
  "unused_tokens": 8,
  "pct_unused": 0.125,
  "token_utilization": 87.5,
  "entropy_nats": 3.5806576707335487,
  "entropy_bits": 5.165797064688317,
  "perplexity": 35.89714158489325,
  "effective_vocab_ratio": 0.560892837263957,
  "token_counts": [
    1.0,
    0.0,
    22.0,
    0.0,
    3.0,
    19.0,
    12.0,
    2.0,
    0.0,
    4.0,
    4.0,
    18.0,
    23.0,
    13.0,
    3.0,
    3.0,
    8.0,
    11.0,
    0.0,
    38.0,
    0.0,
    5.0,
    1.0,
    0.0,
    10.0,
    28.0,
    22.0,
    20.0,
    22.0,
    6.0,
    39.0,
    22.0,
    1.0,
    16.0,
    11.0,
    1.0,
    6.0,
    11.0,
    23.0,
    0.0,
    15.0,
    8.0,
    15.0,
    34.0,
    1.0,
    9.0,
    2.0,
    11.0,
    7.0,
    21.0,
    0.0,
    14.0,
    7.0,
    3.0,
    17.0,
    9.0,
    13.0,
    6.0,
    6.0,
    27.0,
    15.0,
    3.0,
    1.0,
    112.0
  ],
  "per_position_used_tokens": [
    9,
    9,
    9,
    9,
    11,
    9,
    9,
    10,
    8,
    12,
    11,
    14,
    11,
    11,
    11,
    8,
    12,
    11,
    14,
    9,
    12,
    11,
    13,
    10,
    13,
    13,
    13,
    10,
    13,
    14,
    13,
    13,
    13,
    13,
    14,
    11,
    9,
    12,
    11,
    11,
    9,
    12,
    11,
    10,
    10,
    12,
    11,
    10,
    12
  ],
  "per_position_perplexity": [
    6.262688930244811,
    6.650480562896536,
    6.650480562896536,
    7.742607620176543,
    10.374716437208074,
    7.33603234563737,
    8.17171598155044,
    8.136438710788363,
    6.0985175654302015,
    10.94970070458694,
    9.513656920021766,
    13.021461985045097,
    8.872849330471652,
    9.513656920021766,
    10.040919817987259,
    5.187358218604038,
    10.374716437208077,
    10.040919817987259,
    13.45434264405943,
    7.221091890985589,
    10.949700704586935,
    10.040919817987259,
    11.940733288722281,
    8.443373480795465,
    12.337686603263522,
    12.337686603263522,
    11.940733288722281,
    9.20756407058823,
    11.940733288722281,
    13.45434264405943,
    12.337686603263522,
    11.940733288722276,
    12.337686603263522,
    12.337686603263522,
    13.45434264405943,
    9.513656920021766,
    6.262688930244811,
    10.374716437208077,
    9.513656920021766,
    10.040919817987259,
    7.2210918909855915,
    10.374716437208077,
    8.872849330471649,
    8.724061861322058,
    8.443373480795465,
    10.94970070458694,
    9.717862787041232,
    7.874656545406174,
    11.313708498984758
  ],
  "per_position_summary": {
    "used_tokens_min": 8,
    "used_tokens_mean": 11.142857142857142,
    "used_tokens_max": 14,
    "ppl_min": 5.187358218604038,
    "ppl_mean": 9.792114765293405,
    "ppl_max": 13.45434264405943
  },
  "run_id": "generation_riemannian_refined_seed123_temp0p90_tp0p85_cs1p15",
  "metric_tag": "riemannian",
  "sampler_tag": "refined",
  "seed": 123,
  "user_tag": "generation",
  "temperature": 0.9,
  "top_p": 0.85,
  "codebook_scale": 1.15
}