{
  "N_sequences": 60000,
  "seq_len": 49,
  "vocab_size": 128,
  "used_tokens": 128,
  "unused_tokens": 0,
  "pct_unused": 0.0,
  "token_utilization": 100.0,
  "entropy_nats": 3.6786083361201283,
  "entropy_bits": 5.30711000389331,
  "perplexity": 39.59125799231895,
  "effective_vocab_ratio": 0.3093067030649918,
  "per_position_used_tokens": [
    63,
    75,
    79,
    90,
    91,
    102,
    97,
    70,
    82,
    97,
    110,
    112,
    112,
    106,
    75,
    93,
    110,
    117,
    116,
    116,
    103,
    79,
    103,
    112,
    118,
    114,
    113,
    105,
    82,
    106,
    114,
    118,
    111,
    122,
    106,
    93,
    109,
    119,
    117,
    115,
    119,
    108,
    88,
    110,
    116,
    119,
    110,
    124,
    106
  ],
  "per_position_perplexity": [
    15.092707334319563,
    8.286313612432117,
    17.161756108669636,
    17.431947513896173,
    24.263886801874833,
    17.172913440381535,
    26.441473560105482,
    19.919402369144496,
    18.33519396786646,
    24.343001631974953,
    29.88768012040772,
    29.364789050568636,
    31.38978395858565,
    30.007153612694733,
    30.633057834278443,
    22.730432552185693,
    29.98277132454626,
    29.88123004595892,
    24.9216346800367,
    32.469982700757704,
    37.93302865953245,
    34.58848734557901,
    27.043357990359105,
    27.219853170224784,
    25.438094053051405,
    20.89387154531008,
    28.674109754957083,
    36.57564347471734,
    39.2704325100865,
    29.998130377347614,
    22.50229572993273,
    24.389274168571337,
    21.472268696917236,
    33.995598287389925,
    41.970066507980434,
    36.69188820424976,
    29.303060934559966,
    26.756000600507882,
    28.080779824593264,
    29.00611019489652,
    32.70531995887529,
    37.18677548434551,
    36.14001442479075,
    32.981171097425644,
    34.5141777029579,
    34.85996385613463,
    32.364011332922246,
    39.14231475842186,
    33.88186837378452
  ],
  "per_position_summary": {
    "used_tokens_min": 63,
    "used_tokens_mean": 103.51020408163265,
    "used_tokens_max": 124,
    "ppl_min": 8.286313612432117,
    "ppl_mean": 28.47540982124711,
    "ppl_max": 41.970066507980434
  }
}