{
  "N_sequences": 16,
  "seq_len": 49,
  "vocab_size": 64,
  "used_tokens": 58,
  "unused_tokens": 6,
  "pct_unused": 0.09375,
  "token_utilization": 90.625,
  "entropy_nats": 3.5696147002804413,
  "entropy_bits": 5.149865425978936,
  "perplexity": 35.50291125423235,
  "effective_vocab_ratio": 0.5547329883473805,
  "token_counts": [
    3.0,
    0.0,
    32.0,
    0.0,
    3.0,
    20.0,
    15.0,
    3.0,
    1.0,
    7.0,
    3.0,
    19.0,
    15.0,
    8.0,
    6.0,
    1.0,
    9.0,
    15.0,
    0.0,
    43.0,
    1.0,
    5.0,
    1.0,
    0.0,
    4.0,
    35.0,
    17.0,
    23.0,
    13.0,
    4.0,
    41.0,
    17.0,
    0.0,
    9.0,
    11.0,
    0.0,
    1.0,
    9.0,
    17.0,
    1.0,
    7.0,
    5.0,
    35.0,
    33.0,
    1.0,
    6.0,
    4.0,
    15.0,
    7.0,
    19.0,
    3.0,
    5.0,
    10.0,
    6.0,
    13.0,
    11.0,
    13.0,
    13.0,
    9.0,
    26.0,
    14.0,
    3.0,
    3.0,
    111.0
  ],
  "per_position_used_tokens": [
    10,
    9,
    9,
    10,
    12,
    8,
    11,
    10,
    10,
    12,
    11,
    14,
    10,
    9,
    12,
    11,
    11,
    11,
    13,
    9,
    12,
    13,
    11,
    12,
    12,
    10,
    12,
    12,
    12,
    13,
    10,
    10,
    12,
    10,
    12,
    9,
    8,
    10,
    9,
    11,
    9,
    8,
    9,
    12,
    12,
    12,
    10,
    10,
    12
  ],
  "per_position_perplexity": [
    7.493496595001984,
    6.871566675357256,
    6.650480562896536,
    8.724061861322058,
    11.313708498984758,
    6.274051930023022,
    10.040919817987259,
    8.443373480795465,
    7.493496595001984,
    10.94970070458694,
    9.513656920021766,
    13.45434264405943,
    8.136438710788363,
    7.4611471950799295,
    10.374716437208077,
    8.171715981550443,
    10.040919817987259,
    9.513656920021766,
    12.337686603263522,
    6.871566675357254,
    10.94970070458694,
    11.940733288722281,
    9.717862787041232,
    11.313708498984758,
    11.313708498984758,
    8.443373480795465,
    11.313708498984754,
    10.949700704586935,
    10.94970070458694,
    12.337686603263522,
    9.20756407058823,
    9.513656920021766,
    10.94970070458694,
    8.724061861322058,
    11.313708498984754,
    6.650480562896535,
    5.742911070367629,
    9.20756407058823,
    7.742607620176543,
    9.513656920021766,
    6.871566675357254,
    6.274051930023022,
    7.742607620176543,
    10.94970070458694,
    10.94970070458694,
    10.949700704586935,
    9.20756407058823,
    8.911319467025024,
    10.949700704586935
  ],
  "per_position_summary": {
    "used_tokens_min": 8,
    "used_tokens_mean": 10.73469387755102,
    "used_tokens_max": 14,
    "ppl_min": 5.742911070367629,
    "ppl_mean": 9.402702311814386,
    "ppl_max": 13.45434264405943
  },
  "run_id": "generation_riemannian_refined_seed123_temp0p90_tp0p95_cs1p15",
  "metric_tag": "riemannian",
  "sampler_tag": "refined",
  "seed": 123,
  "user_tag": "generation",
  "temperature": 0.9,
  "top_p": 0.95,
  "codebook_scale": 1.15
}