{
  "N_sequences": 16,
  "seq_len": 49,
  "vocab_size": 64,
  "used_tokens": 56,
  "unused_tokens": 8,
  "pct_unused": 0.125,
  "token_utilization": 87.5,
  "entropy_nats": 3.4855475836205905,
  "entropy_bits": 5.028582213671935,
  "perplexity": 32.64029550838339,
  "effective_vocab_ratio": 0.5100046173184904,
  "token_counts": [
    2.0,
    0.0,
    21.0,
    2.0,
    3.0,
    31.0,
    17.0,
    2.0,
    1.0,
    4.0,
    1.0,
    20.0,
    9.0,
    8.0,
    1.0,
    1.0,
    3.0,
    11.0,
    0.0,
    34.0,
    0.0,
    4.0,
    0.0,
    3.0,
    4.0,
    35.0,
    11.0,
    23.0,
    6.0,
    7.0,
    40.0,
    17.0,
    0.0,
    12.0,
    10.0,
    0.0,
    3.0,
    5.0,
    18.0,
    2.0,
    20.0,
    8.0,
    14.0,
    44.0,
    0.0,
    7.0,
    6.0,
    7.0,
    9.0,
    22.0,
    1.0,
    16.0,
    5.0,
    4.0,
    23.0,
    11.0,
    13.0,
    22.0,
    4.0,
    40.0,
    12.0,
    0.0,
    2.0,
    123.0
  ],
  "per_position_used_tokens": [
    6,
    7,
    5,
    7,
    9,
    7,
    8,
    8,
    6,
    10,
    6,
    11,
    6,
    8,
    7,
    7,
    9,
    11,
    12,
    10,
    10,
    10,
    11,
    11,
    14,
    10,
    10,
    11,
    9,
    10,
    11,
    9,
    11,
    10,
    13,
    7,
    6,
    7,
    9,
    9,
    5,
    9,
    8,
    8,
    9,
    11,
    8,
    8,
    11
  ],
  "per_position_perplexity": [
    3.9093186572230967,
    4.756828460010884,
    3.4695215263554946,
    4.829193332193011,
    6.871566675357254,
    5.412436239502412,
    6.301254424453084,
    5.187358218604039,
    3.9093186572230967,
    7.493496595001984,
    4.36203093066103,
    10.040919817987259,
    4.963225915211197,
    7.100002492649186,
    6.0721902853474505,
    4.263142225154348,
    6.262688930244811,
    10.040919817987259,
    11.313708498984758,
    8.136438710788363,
    9.20756407058823,
    9.513656920021766,
    10.040919817987259,
    8.872849330471649,
    13.45434264405943,
    8.911319467025024,
    8.911319467025024,
    8.872849330471649,
    6.871566675357258,
    8.911319467025024,
    10.040919817987259,
    7.742607620176543,
    9.513656920021766,
    8.443373480795465,
    11.940733288722281,
    4.603782035294115,
    3.479294841665571,
    5.096835364334098,
    6.262688930244811,
    6.871566675357254,
    3.4695215263554946,
    7.742607620176543,
    4.64898956198259,
    7.100002492649186,
    7.22109189098559,
    10.040919817987259,
    7.336032345637368,
    7.252400479778668,
    10.374716437208074
  ],
  "per_position_summary": {
    "used_tokens_min": 5,
    "used_tokens_mean": 8.877551020408163,
    "used_tokens_max": 14,
    "ppl_min": 3.4695215263554946,
    "ppl_mean": 7.29479609690474,
    "ppl_max": 13.45434264405943
  },
  "run_id": "generation_riemannian_refined_seed123_temp0p70_tp0p85_cs1p15",
  "metric_tag": "riemannian",
  "sampler_tag": "refined",
  "seed": 123,
  "user_tag": "generation",
  "temperature": 0.7,
  "top_p": 0.85,
  "codebook_scale": 1.15
}