{
  "N_sequences": 16,
  "seq_len": 49,
  "vocab_size": 128,
  "used_tokens": 71,
  "unused_tokens": 57,
  "pct_unused": 0.4453125,
  "token_utilization": 55.46875,
  "entropy_nats": 3.628859930244202,
  "entropy_bits": 5.23533822544398,
  "perplexity": 37.669845875026596,
  "effective_vocab_ratio": 0.2942956708986453,
  "per_position_used_tokens": [
    11,
    6,
    9,
    8,
    11,
    10,
    12,
    12,
    9,
    11,
    11,
    11,
    14,
    12,
    12,
    13,
    9,
    11,
    9,
    13,
    9,
    10,
    12,
    12,
    12,
    10,
    11,
    11,
    14,
    13,
    14,
    12,
    12,
    11,
    12,
    14,
    12,
    11,
    11,
    13,
    10,
    13,
    11,
    12,
    11,
    14,
    12,
    14,
    12
  ],
  "per_position_perplexity": [
    9.513656920021766,
    3.0772480957448476,
    7.742607620176543,
    6.62177046038625,
    9.717862787041229,
    8.911319467025024,
    10.374716437208077,
    10.94970070458694,
    7.742607620176543,
    9.717862787041232,
    9.513656920021766,
    9.717862787041229,
    13.021461985045097,
    11.313708498984758,
    10.94970070458694,
    12.337686603263528,
    7.4611471950799295,
    10.040919817987259,
    6.8419021448334885,
    11.940733288722276,
    7.493496595001984,
    8.136438710788363,
    10.597404514248414,
    10.374716437208074,
    10.374716437208074,
    8.443373480795465,
    9.513656920021766,
    9.513656920021766,
    13.45434264405943,
    11.940733288722281,
    13.021461985045097,
    10.374716437208077,
    10.94970070458694,
    9.513656920021766,
    10.94970070458694,
    13.45434264405943,
    10.94970070458694,
    9.717862787041229,
    9.717862787041229,
    12.337686603263522,
    8.443373480795469,
    11.940733288722281,
    9.513656920021766,
    11.313708498984758,
    10.040919817987259,
    13.45434264405943,
    11.313708498984758,
    13.45434264405943,
    10.94970070458694
  ],
  "per_position_summary": {
    "used_tokens_min": 6,
    "used_tokens_mean": 11.408163265306122,
    "used_tokens_max": 14,
    "ppl_min": 3.0772480957448476,
    "ppl_mean": 10.178813215687624,
    "ppl_max": 13.45434264405943
  }
}