{
  "N_sequences": 16,
  "seq_len": 49,
  "vocab_size": 64,
  "used_tokens": 57,
  "unused_tokens": 7,
  "pct_unused": 0.109375,
  "token_utilization": 89.0625,
  "entropy_nats": 3.5879931617563385,
  "entropy_bits": 5.176379941209382,
  "perplexity": 36.16143291295252,
  "effective_vocab_ratio": 0.5650223892648831,
  "token_counts": [
    3.0,
    0.0,
    37.0,
    0.0,
    2.0,
    13.0,
    18.0,
    2.0,
    0.0,
    5.0,
    5.0,
    20.0,
    21.0,
    10.0,
    3.0,
    2.0,
    12.0,
    14.0,
    0.0,
    45.0,
    0.0,
    8.0,
    1.0,
    0.0,
    9.0,
    33.0,
    12.0,
    21.0,
    17.0,
    3.0,
    26.0,
    18.0,
    0.0,
    10.0,
    12.0,
    1.0,
    1.0,
    8.0,
    21.0,
    2.0,
    15.0,
    7.0,
    28.0,
    41.0,
    1.0,
    8.0,
    1.0,
    9.0,
    7.0,
    24.0,
    1.0,
    11.0,
    10.0,
    6.0,
    10.0,
    9.0,
    10.0,
    12.0,
    9.0,
    31.0,
    17.0,
    2.0,
    1.0,
    99.0
  ],
  "per_position_used_tokens": [
    9,
    9,
    9,
    11,
    12,
    9,
    11,
    9,
    9,
    13,
    10,
    13,
    12,
    9,
    11,
    11,
    11,
    13,
    13,
    10,
    14,
    12,
    10,
    9,
    11,
    13,
    12,
    14,
    14,
    13,
    10,
    11,
    13,
    13,
    12,
    8,
    10,
    10,
    10,
    9,
    9,
    11,
    8,
    13,
    12,
    13,
    12,
    11,
    11
  ],
  "per_position_perplexity": [
    6.262688930244811,
    6.262688930244811,
    6.650480562896536,
    9.513656920021766,
    11.313708498984758,
    7.493496595001984,
    10.040919817987259,
    7.493496595001984,
    6.262688930244811,
    11.940733288722276,
    8.724061861322062,
    12.337686603263522,
    10.374716437208077,
    7.4611471950799295,
    10.040919817987259,
    8.171715981550443,
    10.040919817987263,
    11.940733288722281,
    12.337686603263522,
    8.136438710788363,
    13.45434264405943,
    11.313708498984758,
    8.911319467025024,
    7.999999999999999,
    10.040919817987259,
    12.337686603263528,
    11.313708498984754,
    13.45434264405943,
    13.021461985045097,
    12.337686603263522,
    8.724061861322058,
    10.040919817987259,
    12.337686603263522,
    12.337686603263522,
    10.94970070458694,
    7.100002492649186,
    6.829510705709076,
    8.443373480795465,
    8.724061861322058,
    7.999999999999999,
    6.871566675357254,
    9.513656920021766,
    6.27405193002302,
    12.337686603263522,
    11.313708498984754,
    12.337686603263522,
    11.313708498984754,
    10.040919817987259,
    10.040919817987259
  ],
  "per_position_summary": {
    "used_tokens_min": 8,
    "used_tokens_mean": 11.061224489795919,
    "used_tokens_max": 14,
    "ppl_min": 6.262688930244811,
    "ppl_mean": 9.806462686652422,
    "ppl_max": 13.45434264405943
  },
  "run_id": "generation_riemannian_refined_seed123_temp0p80_tp0p95_cs1p15",
  "metric_tag": "riemannian",
  "sampler_tag": "refined",
  "seed": 123,
  "user_tag": "generation",
  "temperature": 0.8,
  "top_p": 0.95,
  "codebook_scale": 1.15
}