{
  "N_sequences": 16,
  "seq_len": 49,
  "vocab_size": 64,
  "used_tokens": 57,
  "unused_tokens": 7,
  "pct_unused": 0.109375,
  "token_utilization": 89.0625,
  "entropy_nats": 3.540174933536646,
  "entropy_bits": 5.107392820492735,
  "perplexity": 34.47294913833338,
  "effective_vocab_ratio": 0.538639830286459,
  "token_counts": [
    2.0,
    0.0,
    21.0,
    1.0,
    1.0,
    27.0,
    23.0,
    5.0,
    0.0,
    3.0,
    2.0,
    16.0,
    13.0,
    9.0,
    4.0,
    3.0,
    5.0,
    8.0,
    0.0,
    39.0,
    1.0,
    10.0,
    0.0,
    1.0,
    6.0,
    25.0,
    16.0,
    24.0,
    15.0,
    3.0,
    43.0,
    19.0,
    0.0,
    10.0,
    6.0,
    1.0,
    6.0,
    9.0,
    17.0,
    0.0,
    22.0,
    11.0,
    14.0,
    41.0,
    1.0,
    8.0,
    3.0,
    6.0,
    8.0,
    21.0,
    0.0,
    7.0,
    11.0,
    5.0,
    24.0,
    10.0,
    10.0,
    15.0,
    8.0,
    26.0,
    16.0,
    2.0,
    1.0,
    120.0
  ],
  "per_position_used_tokens": [
    8,
    9,
    8,
    9,
    12,
    8,
    9,
    8,
    7,
    12,
    10,
    12,
    10,
    11,
    10,
    8,
    11,
    14,
    13,
    8,
    12,
    10,
    11,
    12,
    13,
    11,
    12,
    12,
    13,
    11,
    12,
    13,
    12,
    12,
    11,
    11,
    9,
    9,
    8,
    10,
    8,
    10,
    11,
    11,
    9,
    11,
    11,
    9,
    12
  ],
  "per_position_perplexity": [
    5.187358218604038,
    6.262688930244811,
    5.5581383769280786,
    7.742607620176543,
    10.94970070458694,
    6.274051930023022,
    6.871566675357256,
    6.301254424453084,
    4.756828460010884,
    10.94970070458694,
    8.136438710788363,
    11.313708498984754,
    7.874656545406174,
    9.717862787041229,
    8.911319467025024,
    5.187358218604038,
    8.872849330471652,
    13.45434264405943,
    12.337686603263522,
    6.871566675357256,
    10.94970070458694,
    9.20756407058823,
    9.513656920021766,
    10.94970070458694,
    12.337686603263522,
    10.374716437208074,
    11.313708498984754,
    10.94970070458694,
    11.940733288722276,
    10.040919817987259,
    10.94970070458694,
    12.337686603263522,
    10.94970070458694,
    11.313708498984754,
    9.513656920021766,
    8.872849330471652,
    5.65685424949238,
    6.871566675357254,
    6.301254424453084,
    8.136438710788363,
    5.5581383769280786,
    8.136438710788363,
    8.872849330471649,
    9.717862787041229,
    7.999999999999999,
    10.040919817987259,
    9.513656920021766,
    8.17171598155044,
    11.313708498984758
  ],
  "per_position_summary": {
    "used_tokens_min": 7,
    "used_tokens_mean": 10.46938775510204,
    "used_tokens_max": 14,
    "ppl_min": 4.756828460010884,
    "ppl_mean": 9.006907765761019,
    "ppl_max": 13.45434264405943
  },
  "run_id": "generation_riemannian_refined_seed123_temp0p80_tp0p85_cs1p15",
  "metric_tag": "riemannian",
  "sampler_tag": "refined",
  "seed": 123,
  "user_tag": "generation",
  "temperature": 0.8,
  "top_p": 0.85,
  "codebook_scale": 1.15
}