{
  "N_sequences": 60000,
  "seq_len": 49,
  "n_codes": 128,
  "start_token": 128,
  "batch_size": 256,
  "avg_nll": 1.6198454846700032,
  "perplexity": 5.052309596964227,
  "batch_loss_mean": 1.6197447715921605,
  "batch_loss_std": 0.024261768400605854
}