{
  "N_sequences": 60000,
  "seq_len": 49,
  "vocab_size": 128,
  "used_tokens": 128,
  "unused_tokens": 0,
  "pct_unused": 0.0,
  "token_utilization": 100.0,
  "entropy_nats": 4.069522390967965,
  "entropy_bits": 5.87107977223608,
  "perplexity": 58.529001935332495,
  "effective_vocab_ratio": 0.4572578276197851,
  "per_position_used_tokens": [
    29,
    94,
    111,
    116,
    117,
    106,
    64,
    103,
    118,
    124,
    123,
    124,
    123,
    110,
    109,
    120,
    124,
    126,
    125,
    117,
    102,
    105,
    123,
    126,
    127,
    125,
    122,
    112,
    109,
    121,
    128,
    126,
    125,
    122,
    107,
    107,
    118,
    126,
    125,
    121,
    107,
    91,
    79,
    105,
    111,
    116,
    108,
    94,
    54
  ],
  "per_position_perplexity": [
    3.391015597640237,
    9.886781906880316,
    25.658971814564012,
    46.426375605325475,
    48.23229388361689,
    43.42397248250181,
    14.377458506762988,
    7.330226199157638,
    11.930110143701544,
    37.09865157412231,
    42.9516590917209,
    38.66188349731196,
    36.04875141929156,
    19.84777121980476,
    20.62096874300805,
    27.5638321332629,
    37.477700703308905,
    22.88588365673733,
    25.83136906995938,
    33.70818491988849,
    25.543271417366928,
    29.719509770800826,
    33.761613424748376,
    30.81826638240351,
    36.172117965388864,
    25.05700992276831,
    38.15155845752973,
    24.520827825754257,
    34.1526353950868,
    35.48599048112588,
    31.966455525953382,
    26.05012063084888,
    29.540228046061156,
    31.218599974944084,
    21.48468474440179,
    22.54745369682244,
    29.10267051652642,
    30.831177183143932,
    25.27710851891106,
    27.524998385235723,
    20.637793410066713,
    13.00576322418334,
    19.553932600438618,
    20.44501754034059,
    39.732066619925305,
    34.3253826980253,
    29.08479187863993,
    11.558131669680629,
    5.784751431502143
  ],
  "per_position_summary": {
    "used_tokens_min": 29,
    "used_tokens_mean": 110.71428571428571,
    "used_tokens_max": 128,
    "ppl_min": 3.391015597640237,
    "ppl_mean": 27.273628398105966,
    "ppl_max": 48.23229388361689
  }
}