{
  "N_sequences": 16,
  "seq_len": 49,
  "vocab_size": 128,
  "used_tokens": 71,
  "unused_tokens": 57,
  "pct_unused": 0.4453125,
  "token_utilization": 55.46875,
  "entropy_nats": 3.8338474013573607,
  "entropy_bits": 5.531072633463304,
  "perplexity": 46.24010066427693,
  "effective_vocab_ratio": 0.3612507864396635,
  "per_position_used_tokens": [
    2,
    5,
    12,
    13,
    11,
    13,
    8,
    6,
    7,
    13,
    13,
    9,
    14,
    12,
    8,
    9,
    13,
    8,
    10,
    12,
    13,
    9,
    11,
    11,
    13,
    14,
    13,
    11,
    8,
    9,
    9,
    8,
    12,
    10,
    9,
    13,
    13,
    11,
    10,
    8,
    13,
    8,
    9,
    9,
    13,
    10,
    14,
    10,
    5
  ],
  "per_position_perplexity": [
    1.6202453123826384,
    4.148015496294372,
    11.313708498984758,
    11.940733288722276,
    10.040919817987259,
    12.337686603263522,
    6.510730992522548,
    3.7835400531392347,
    5.5923652650542035,
    11.940733288722281,
    11.313708498984758,
    7.493496595001984,
    13.45434264405943,
    10.949700704586935,
    7.100002492649186,
    7.742607620176543,
    11.313708498984758,
    5.778275784484802,
    8.724061861322058,
    10.94970070458694,
    11.940733288722281,
    7.742607620176543,
    10.040919817987259,
    9.513656920021766,
    11.940733288722276,
    13.021461985045097,
    12.337686603263522,
    9.717862787041232,
    6.8419021448334885,
    8.17171598155044,
    7.336032345637368,
    6.510730992522548,
    11.313708498984758,
    9.20756407058823,
    8.443373480795465,
    12.337686603263522,
    11.313708498984758,
    9.513656920021766,
    8.136438710788363,
    5.742911070367629,
    11.940733288722276,
    6.27405193002302,
    7.336032345637368,
    7.742607620176543,
    12.337686603263522,
    8.724061861322058,
    13.45434264405943,
    9.20756407058823,
    3.4880513612507937
  ],
  "per_position_summary": {
    "used_tokens_min": 2,
    "used_tokens_mean": 10.285714285714286,
    "used_tokens_max": 14,
    "ppl_min": 1.6202453123826384,
    "ppl_mean": 9.095479742372898,
    "ppl_max": 13.45434264405943
  }
}