{
  "N_sequences": 16,
  "seq_len": 49,
  "vocab_size": 128,
  "used_tokens": 80,
  "unused_tokens": 48,
  "pct_unused": 0.375,
  "token_utilization": 62.5,
  "entropy_nats": 4.013488783989549,
  "entropy_bits": 5.790240365325198,
  "perplexity": 55.33960208639731,
  "effective_vocab_ratio": 0.432340641299979,
  "per_position_used_tokens": [
    3,
    7,
    10,
    13,
    13,
    13,
    14,
    6,
    9,
    10,
    14,
    11,
    15,
    12,
    11,
    10,
    11,
    8,
    12,
    11,
    14,
    12,
    10,
    13,
    11,
    9,
    12,
    10,
    13,
    12,
    10,
    12,
    10,
    12,
    11,
    11,
    12,
    10,
    11,
    10,
    11,
    8,
    12,
    13,
    12,
    12,
    13,
    7,
    4
  ],
  "per_position_perplexity": [
    2.2945200462853217,
    5.97036664436114,
    8.724061861322062,
    11.313708498984758,
    11.313708498984758,
    11.940733288722281,
    13.45434264405943,
    3.7835400531392356,
    5.656854249492379,
    8.724061861322058,
    13.021461985045097,
    9.717862787041229,
    14.672064691274741,
    11.313708498984758,
    9.20756407058823,
    8.911319467025024,
    10.040919817987259,
    6.27405193002302,
    10.94970070458694,
    9.717862787041229,
    13.45434264405943,
    10.94970070458694,
    9.20756407058823,
    11.940733288722281,
    9.513656920021766,
    8.17171598155044,
    10.94970070458694,
    8.911319467025024,
    11.940733288722281,
    10.374716437208074,
    8.443373480795465,
    10.94970070458694,
    8.136438710788363,
    10.94970070458694,
    10.040919817987259,
    9.20756407058823,
    10.94970070458694,
    9.20756407058823,
    9.513656920021766,
    8.443373480795465,
    9.513656920021766,
    6.0985175654302015,
    10.374716437208074,
    12.337686603263522,
    11.313708498984758,
    10.94970070458694,
    11.313708498984758,
    6.301254424453085,
    3.361253198789595
  ],
  "per_position_summary": {
    "used_tokens_min": 3,
    "used_tokens_mean": 10.816326530612244,
    "used_tokens_max": 15,
    "ppl_min": 2.2945200462853217,
    "ppl_mean": 9.588220273681442,
    "ppl_max": 14.672064691274741
  }
}