{
  "N_sequences": 16,
  "seq_len": 49,
  "vocab_size": 128,
  "used_tokens": 66,
  "unused_tokens": 62,
  "pct_unused": 0.484375,
  "token_utilization": 51.5625,
  "entropy_nats": 3.7915822545973756,
  "entropy_bits": 5.470096915830229,
  "perplexity": 44.326480596617415,
  "effective_vocab_ratio": 0.34630062966107356,
  "per_position_used_tokens": [
    2,
    6,
    10,
    11,
    10,
    15,
    5,
    5,
    8,
    11,
    11,
    10,
    12,
    6,
    8,
    9,
    11,
    11,
    10,
    12,
    12,
    11,
    10,
    9,
    14,
    9,
    14,
    11,
    10,
    11,
    14,
    12,
    11,
    12,
    11,
    13,
    9,
    9,
    9,
    12,
    10,
    9,
    9,
    13,
    11,
    10,
    15,
    7,
    7
  ],
  "per_position_perplexity": [
    1.4575692649810903,
    5.1060830436871,
    8.724061861322058,
    10.040919817987259,
    7.493496595001984,
    14.672064691274741,
    3.8713038100882717,
    2.8218489457419005,
    5.558138376928079,
    9.717862787041232,
    10.040919817987264,
    8.911319467025024,
    10.374716437208074,
    5.128221559132068,
    7.493496595001984,
    7.336032345637369,
    9.513656920021766,
    10.040919817987259,
    8.136438710788363,
    10.94970070458694,
    11.31370849898476,
    9.513656920021766,
    9.20756407058823,
    7.742607620176543,
    13.454342644059432,
    6.262688930244811,
    13.454342644059432,
    9.513656920021766,
    9.20756407058823,
    10.374716437208074,
    13.454342644059432,
    10.94970070458694,
    8.872849330471647,
    11.31370849898476,
    8.171715981550443,
    12.337686603263522,
    7.742607620176543,
    7.742607620176543,
    6.262688930244811,
    10.374716437208074,
    8.724061861322058,
    6.650480562896535,
    7.221091890985589,
    11.31370849898476,
    9.717862787041229,
    8.724061861322058,
    14.672064691274741,
    5.568223042771739,
    5.365806169602652
  ],
  "per_position_summary": {
    "used_tokens_min": 2,
    "used_tokens_mean": 10.142857142857142,
    "used_tokens_max": 15,
    "ppl_min": 1.4575692649810903,
    "ppl_mean": 8.828849103312386,
    "ppl_max": 14.672064691274741
  }
}