{
  "N_sequences": 16,
  "seq_len": 49,
  "vocab_size": 128,
  "used_tokens": 74,
  "unused_tokens": 54,
  "pct_unused": 0.421875,
  "token_utilization": 57.8125,
  "entropy_nats": 3.957837540165646,
  "entropy_bits": 5.709952591841152,
  "perplexity": 52.34401165168192,
  "effective_vocab_ratio": 0.408937591028765,
  "token_counts": [
    1.0,
    0.0,
    0.0,
    0.0,
    21.0,
    24.0,
    3.0,
    16.0,
    27.0,
    0.0,
    0.0,
    6.0,
    26.0,
    18.0,
    0.0,
    7.0,
    3.0,
    15.0,
    0.0,
    4.0,
    6.0,
    2.0,
    0.0,
    4.0,
    0.0,
    7.0,
    0.0,
    2.0,
    0.0,
    14.0,
    0.0,
    17.0,
    17.0,
    5.0,
    0.0,
    3.0,
    6.0,
    0.0,
    23.0,
    0.0,
    0.0,
    16.0,
    0.0,
    2.0,
    0.0,
    0.0,
    2.0,
    0.0,
    0.0,
    0.0,
    44.0,
    0.0,
    0.0,
    6.0,
    0.0,
    0.0,
    0.0,
    3.0,
    10.0,
    24.0,
    24.0,
    0.0,
    0.0,
    13.0,
    19.0,
    3.0,
    11.0,
    0.0,
    0.0,
    3.0,
    0.0,
    6.0,
    0.0,
    4.0,
    0.0,
    23.0,
    8.0,
    3.0,
    0.0,
    35.0,
    21.0,
    16.0,
    9.0,
    0.0,
    6.0,
    0.0,
    6.0,
    8.0,
    1.0,
    18.0,
    1.0,
    2.0,
    0.0,
    0.0,
    0.0,
    12.0,
    0.0,
    0.0,
    0.0,
    0.0,
    0.0,
    0.0,
    1.0,
    9.0,
    5.0,
    0.0,
    0.0,
    13.0,
    2.0,
    0.0,
    26.0,
    0.0,
    1.0,
    1.0,
    11.0,
    0.0,
    5.0,
    0.0,
    4.0,
    5.0,
    26.0,
    0.0,
    0.0,
    13.0,
    8.0,
    1.0,
    10.0,
    7.0
  ],
  "per_position_used_tokens": [
    3,
    7,
    14,
    13,
    15,
    11,
    5,
    4,
    7,
    11,
    12,
    12,
    11,
    8,
    7,
    11,
    13,
    9,
    8,
    15,
    7,
    10,
    12,
    10,
    13,
    10,
    12,
    10,
    11,
    13,
    10,
    11,
    6,
    10,
    8,
    9,
    11,
    9,
    10,
    11,
    10,
    7,
    7,
    14,
    13,
    13,
    9,
    10,
    6
  ],
  "per_position_perplexity": [
    1.8256278800579229,
    5.0968353643340985,
    13.454342644059432,
    12.337686603263522,
    14.672064691274741,
    10.040919817987259,
    4.060851361608245,
    3.2553654962612746,
    6.301254424453085,
    9.20756407058823,
    10.374716437208074,
    10.94970070458694,
    9.717862787041232,
    6.727171322029715,
    5.592365265054204,
    9.717862787041229,
    11.940733288722276,
    6.262688930244811,
    6.621770460386251,
    14.672064691274741,
    6.098517565430202,
    8.443373480795467,
    10.374716437208074,
    8.911319467025024,
    12.337686603263522,
    7.874656545406173,
    10.94970070458694,
    9.20756407058823,
    10.040919817987259,
    11.31370849898476,
    8.911319467025024,
    9.513656920021766,
    4.858931393520616,
    8.44337348079547,
    6.0985175654302015,
    7.22109189098559,
    10.040919817987259,
    7.22109189098559,
    8.911319467025024,
    10.040919817987259,
    8.724061861322062,
    5.266272671291982,
    5.592365265054204,
    13.454342644059432,
    12.337686603263522,
    11.940733288722276,
    7.493496595001984,
    8.136438710788363,
    4.428389811038031
  ],
  "per_position_summary": {
    "used_tokens_min": 3,
    "used_tokens_mean": 9.959183673469388,
    "used_tokens_max": 15,
    "ppl_min": 1.8256278800579229,
    "ppl_mean": 8.714623293490993,
    "ppl_max": 14.672064691274741
  },
  "run_id": "generation_riemannian_refined_seed123_temp0p90_tp0p95_cs1p15",
  "metric_tag": "riemannian",
  "sampler_tag": "refined",
  "seed": 123,
  "user_tag": "generation",
  "temperature": 0.9,
  "top_p": 0.95,
  "codebook_scale": 1.15
}