{
  "N_sequences": 16,
  "seq_len": 49,
  "vocab_size": 128,
  "used_tokens": 73,
  "unused_tokens": 55,
  "pct_unused": 0.4296875,
  "token_utilization": 57.03125,
  "entropy_nats": 3.9221196693946654,
  "entropy_bits": 5.6584225968087445,
  "perplexity": 50.50739036293846,
  "effective_vocab_ratio": 0.3945889872104567,
  "token_counts": [
    1.0,
    0.0,
    0.0,
    0.0,
    23.0,
    22.0,
    4.0,
    20.0,
    31.0,
    0.0,
    0.0,
    11.0,
    15.0,
    17.0,
    0.0,
    6.0,
    2.0,
    12.0,
    0.0,
    10.0,
    4.0,
    3.0,
    0.0,
    7.0,
    0.0,
    9.0,
    0.0,
    1.0,
    0.0,
    13.0,
    0.0,
    8.0,
    20.0,
    4.0,
    1.0,
    9.0,
    3.0,
    0.0,
    22.0,
    1.0,
    0.0,
    18.0,
    0.0,
    1.0,
    0.0,
    0.0,
    1.0,
    0.0,
    0.0,
    0.0,
    41.0,
    0.0,
    0.0,
    5.0,
    0.0,
    0.0,
    0.0,
    3.0,
    13.0,
    20.0,
    21.0,
    0.0,
    1.0,
    15.0,
    26.0,
    6.0,
    9.0,
    0.0,
    0.0,
    3.0,
    0.0,
    6.0,
    0.0,
    1.0,
    0.0,
    29.0,
    11.0,
    2.0,
    0.0,
    48.0,
    16.0,
    17.0,
    7.0,
    0.0,
    3.0,
    0.0,
    9.0,
    7.0,
    0.0,
    26.0,
    0.0,
    5.0,
    0.0,
    0.0,
    0.0,
    6.0,
    0.0,
    0.0,
    0.0,
    0.0,
    0.0,
    0.0,
    0.0,
    8.0,
    3.0,
    0.0,
    0.0,
    10.0,
    1.0,
    0.0,
    20.0,
    0.0,
    0.0,
    5.0,
    12.0,
    0.0,
    4.0,
    0.0,
    2.0,
    4.0,
    19.0,
    0.0,
    0.0,
    11.0,
    2.0,
    1.0,
    18.0,
    9.0
  ],
  "per_position_used_tokens": [
    3,
    4,
    13,
    13,
    13,
    11,
    5,
    4,
    6,
    11,
    11,
    11,
    13,
    8,
    6,
    9,
    13,
    7,
    8,
    14,
    10,
    9,
    11,
    10,
    10,
    9,
    12,
    12,
    7,
    9,
    9,
    9,
    9,
    13,
    8,
    6,
    11,
    10,
    12,
    10,
    8,
    7,
    8,
    10,
    13,
    9,
    8,
    5,
    4
  ],
  "per_position_perplexity": [
    1.8256278800579229,
    3.137025965011511,
    12.337686603263522,
    12.337686603263522,
    12.337686603263522,
    9.717862787041229,
    3.4880513612507946,
    2.5043918185808725,
    5.128221559132068,
    9.513656920021766,
    9.717862787041229,
    9.20756407058823,
    11.940733288722281,
    6.301254424453084,
    5.106083043687101,
    7.742607620176543,
    12.337686603263522,
    5.0968353643340985,
    7.019061402413293,
    13.021461985045098,
    8.911319467025024,
    6.8419021448334885,
    10.040919817987259,
    8.724061861322058,
    9.20756407058823,
    5.656854249492379,
    11.31370849898476,
    11.31370849898476,
    5.568223042771739,
    7.742607620176543,
    7.22109189098559,
    8.17171598155044,
    8.17171598155044,
    12.337686603263522,
    6.274051930023021,
    4.531650292231521,
    9.717862787041229,
    8.911319467025024,
    11.31370849898476,
    9.20756407058823,
    6.301254424453084,
    5.298702257124208,
    6.727171322029715,
    8.911319467025024,
    12.337686603263522,
    7.742607620176543,
    6.8419021448334885,
    3.488051361250794,
    3.2553654962612746
  ],
  "per_position_summary": {
    "used_tokens_min": 3,
    "used_tokens_mean": 9.204081632653061,
    "used_tokens_max": 14,
    "ppl_min": 1.8256278800579229,
    "ppl_mean": 7.9980070645395696,
    "ppl_max": 13.021461985045098
  },
  "run_id": "generation_riemannian_refined_seed123_temp0p70_tp0p95_cs1p15",
  "metric_tag": "riemannian",
  "sampler_tag": "refined",
  "seed": 123,
  "user_tag": "generation",
  "temperature": 0.7,
  "top_p": 0.95,
  "codebook_scale": 1.15
}