{
  "N_sequences": 16,
  "seq_len": 49,
  "vocab_size": 128,
  "used_tokens": 68,
  "unused_tokens": 60,
  "pct_unused": 0.46875,
  "token_utilization": 53.125,
  "entropy_nats": 3.7624747979181428,
  "entropy_bits": 5.42810373242621,
  "perplexity": 43.05484628402237,
  "effective_vocab_ratio": 0.33636598659392475,
  "per_position_used_tokens": [
    3,
    6,
    12,
    12,
    11,
    13,
    10,
    5,
    6,
    11,
    12,
    9,
    14,
    10,
    10,
    12,
    11,
    7,
    9,
    11,
    10,
    10,
    11,
    9,
    10,
    9,
    12,
    8,
    11,
    10,
    9,
    10,
    8,
    12,
    12,
    10,
    12,
    12,
    8,
    11,
    13,
    9,
    11,
    11,
    11,
    11,
    11,
    8,
    5
  ],
  "per_position_perplexity": [
    1.825627880057923,
    4.673818636642921,
    10.94970070458694,
    10.94970070458694,
    8.171715981550443,
    12.337686603263522,
    7.493496595001984,
    3.8713038100882717,
    5.275827777072008,
    10.040919817987259,
    10.94970070458694,
    7.493496595001984,
    13.021461985045097,
    8.911319467025024,
    8.136438710788363,
    10.94970070458694,
    9.513656920021766,
    5.365806169602652,
    6.871566675357256,
    8.872849330471649,
    8.136438710788363,
    8.724061861322058,
    10.040919817987259,
    7.742607620176543,
    8.136438710788363,
    8.17171598155044,
    10.94970070458694,
    6.8419021448334885,
    9.717862787041232,
    9.513656920021766,
    7.742607620176543,
    7.874656545406174,
    5.742911070367629,
    10.597404514248414,
    10.949700704586935,
    8.443373480795465,
    10.374716437208077,
    10.949700704586935,
    5.742911070367629,
    8.872849330471649,
    12.337686603263522,
    5.656854249492379,
    9.20756407058823,
    9.513656920021766,
    9.513656920021766,
    9.513656920021766,
    9.513656920021766,
    6.621770460386251,
    3.7467482975009925
  ],
  "per_position_summary": {
    "used_tokens_min": 3,
    "used_tokens_mean": 9.959183673469388,
    "used_tokens_max": 14,
    "ppl_min": 1.825627880057923,
    "ppl_mean": 8.501371099427677,
    "ppl_max": 13.021461985045097
  }
}