{
  "N_sequences": 16,
  "seq_len": 49,
  "vocab_size": 128,
  "used_tokens": 72,
  "unused_tokens": 56,
  "pct_unused": 0.4375,
  "token_utilization": 56.25,
  "entropy_nats": 3.9056811811837835,
  "entropy_bits": 5.634706871387194,
  "perplexity": 49.683912134014925,
  "effective_vocab_ratio": 0.3881555635469916,
  "token_counts": [
    1.0,
    0.0,
    0.0,
    0.0,
    26.0,
    20.0,
    3.0,
    19.0,
    30.0,
    0.0,
    0.0,
    14.0,
    14.0,
    12.0,
    0.0,
    7.0,
    2.0,
    16.0,
    0.0,
    8.0,
    5.0,
    2.0,
    0.0,
    3.0,
    0.0,
    9.0,
    0.0,
    0.0,
    0.0,
    14.0,
    0.0,
    7.0,
    22.0,
    5.0,
    0.0,
    7.0,
    2.0,
    1.0,
    20.0,
    3.0,
    0.0,
    28.0,
    0.0,
    1.0,
    0.0,
    0.0,
    0.0,
    0.0,
    0.0,
    1.0,
    36.0,
    0.0,
    0.0,
    3.0,
    0.0,
    0.0,
    0.0,
    1.0,
    14.0,
    26.0,
    15.0,
    0.0,
    1.0,
    18.0,
    16.0,
    4.0,
    13.0,
    0.0,
    0.0,
    1.0,
    0.0,
    9.0,
    0.0,
    3.0,
    0.0,
    32.0,
    11.0,
    3.0,
    1.0,
    40.0,
    21.0,
    20.0,
    3.0,
    0.0,
    4.0,
    0.0,
    9.0,
    6.0,
    0.0,
    21.0,
    0.0,
    2.0,
    0.0,
    0.0,
    0.0,
    4.0,
    0.0,
    0.0,
    0.0,
    0.0,
    0.0,
    0.0,
    0.0,
    8.0,
    6.0,
    0.0,
    0.0,
    15.0,
    0.0,
    0.0,
    28.0,
    0.0,
    0.0,
    4.0,
    9.0,
    0.0,
    3.0,
    0.0,
    2.0,
    6.0,
    22.0,
    0.0,
    0.0,
    10.0,
    3.0,
    1.0,
    18.0,
    10.0
  ],
  "per_position_used_tokens": [
    2,
    3,
    9,
    12,
    14,
    11,
    5,
    3,
    5,
    8,
    10,
    8,
    13,
    10,
    8,
    9,
    10,
    7,
    9,
    11,
    10,
    9,
    9,
    10,
    10,
    6,
    10,
    11,
    7,
    10,
    12,
    10,
    10,
    12,
    8,
    6,
    12,
    11,
    11,
    13,
    7,
    6,
    7,
    10,
    12,
    10,
    9,
    4,
    4
  ],
  "per_position_perplexity": [
    1.6202453123826384,
    2.649351128562104,
    8.17171598155044,
    11.313708498984754,
    13.454342644059432,
    9.513656920021766,
    4.021841046332278,
    2.01963929931604,
    4.551298231586873,
    7.100002492649187,
    9.20756407058823,
    6.871566675357256,
    12.337686603263522,
    8.136438710788363,
    6.621770460386251,
    7.22109189098559,
    9.20756407058823,
    5.412436239502412,
    7.908798803583861,
    9.717862787041232,
    9.20756407058823,
    7.33603234563737,
    7.742607620176543,
    8.724061861322058,
    8.443373480795467,
    4.67381863664292,
    8.443373480795467,
    9.717862787041229,
    5.753330987107183,
    9.20756407058823,
    10.94970070458694,
    8.624606251401941,
    8.44337348079547,
    11.313708498984754,
    6.510730992522548,
    4.221686740397734,
    10.94970070458694,
    10.040919817987259,
    10.040919817987259,
    12.337686603263522,
    6.301254424453085,
    4.762154647406401,
    5.876823346811644,
    8.911319467025024,
    10.94970070458694,
    8.44337348079547,
    7.4611471950799295,
    2.6829030848013256,
    2.8315940947194833
  ],
  "per_position_summary": {
    "used_tokens_min": 2,
    "used_tokens_mean": 8.83673469387755,
    "used_tokens_max": 14,
    "ppl_min": 1.6202453123826384,
    "ppl_mean": 7.713499495233038,
    "ppl_max": 13.454342644059432
  },
  "run_id": "generation_riemannian_refined_seed123_temp0p70_tp0p90_cs1p15",
  "metric_tag": "riemannian",
  "sampler_tag": "refined",
  "seed": 123,
  "user_tag": "generation",
  "temperature": 0.7,
  "top_p": 0.9,
  "codebook_scale": 1.15
}