{
  "N_sequences": 16,
  "seq_len": 49,
  "vocab_size": 128,
  "used_tokens": 69,
  "unused_tokens": 59,
  "pct_unused": 0.4609375,
  "token_utilization": 53.90625,
  "entropy_nats": 3.8331652254007045,
  "entropy_bits": 5.530088461593622,
  "perplexity": 46.20856753616418,
  "effective_vocab_ratio": 0.36100443387628267,
  "per_position_used_tokens": [
    3,
    8,
    11,
    15,
    12,
    11,
    9,
    5,
    8,
    14,
    12,
    14,
    12,
    11,
    9,
    12,
    12,
    10,
    9,
    11,
    11,
    8,
    10,
    13,
    10,
    8,
    13,
    9,
    9,
    12,
    8,
    12,
    8,
    12,
    7,
    10,
    14,
    12,
    11,
    12,
    8,
    6,
    11,
    9,
    15,
    10,
    12,
    6,
    4
  ],
  "per_position_perplexity": [
    1.589490554357095,
    6.0985175654302015,
    10.040919817987259,
    14.672064691274734,
    10.597404514248414,
    10.374716437208074,
    7.22109189098559,
    3.190527437308485,
    5.742911070367629,
    13.45434264405943,
    10.949700704586935,
    13.45434264405943,
    11.313708498984754,
    10.040919817987259,
    7.2210918909855915,
    11.313708498984754,
    10.374716437208077,
    8.443373480795469,
    7.4611471950799295,
    9.513656920021766,
    10.040919817987259,
    7.493496595001984,
    8.443373480795465,
    11.940733288722281,
    9.20756407058823,
    5.742911070367629,
    12.337686603263528,
    7.742607620176543,
    7.4611471950799295,
    10.374716437208074,
    6.727171322029715,
    10.94970070458694,
    6.621770460386251,
    10.94970070458694,
    5.266272671291983,
    7.874656545406174,
    13.45434264405943,
    10.374716437208077,
    8.171715981550443,
    10.94970070458694,
    7.100002492649186,
    4.428389811038031,
    10.040919817987259,
    8.17171598155044,
    14.672064691274741,
    8.136438710788363,
    10.94970070458694,
    4.0,
    3.2553654962612746
  ],
  "per_position_summary": {
    "used_tokens_min": 3,
    "used_tokens_mean": 10.16326530612245,
    "used_tokens_max": 15,
    "ppl_min": 1.589490554357095,
    "ppl_mean": 8.896894995366141,
    "ppl_max": 14.672064691274741
  }
}