{
  "N_sequences": 16,
  "seq_len": 49,
  "vocab_size": 128,
  "used_tokens": 70,
  "unused_tokens": 58,
  "pct_unused": 0.453125,
  "token_utilization": 54.6875,
  "entropy_nats": 3.916012619591961,
  "entropy_bits": 5.649611986343921,
  "perplexity": 50.19987916343817,
  "effective_vocab_ratio": 0.3921865559643607,
  "token_counts": [
    2.0,
    0.0,
    0.0,
    0.0,
    18.0,
    22.0,
    3.0,
    18.0,
    27.0,
    0.0,
    0.0,
    15.0,
    15.0,
    13.0,
    0.0,
    8.0,
    1.0,
    14.0,
    0.0,
    7.0,
    3.0,
    1.0,
    0.0,
    4.0,
    0.0,
    8.0,
    0.0,
    0.0,
    0.0,
    11.0,
    0.0,
    9.0,
    32.0,
    4.0,
    0.0,
    10.0,
    3.0,
    2.0,
    14.0,
    1.0,
    0.0,
    25.0,
    0.0,
    0.0,
    0.0,
    0.0,
    0.0,
    0.0,
    0.0,
    0.0,
    37.0,
    0.0,
    0.0,
    5.0,
    0.0,
    0.0,
    0.0,
    2.0,
    10.0,
    17.0,
    20.0,
    0.0,
    1.0,
    22.0,
    19.0,
    5.0,
    18.0,
    0.0,
    0.0,
    0.0,
    0.0,
    7.0,
    0.0,
    2.0,
    0.0,
    31.0,
    8.0,
    2.0,
    0.0,
    35.0,
    18.0,
    22.0,
    6.0,
    0.0,
    3.0,
    0.0,
    6.0,
    8.0,
    0.0,
    25.0,
    1.0,
    2.0,
    0.0,
    0.0,
    0.0,
    9.0,
    0.0,
    0.0,
    0.0,
    0.0,
    0.0,
    0.0,
    0.0,
    6.0,
    4.0,
    0.0,
    0.0,
    16.0,
    0.0,
    0.0,
    26.0,
    0.0,
    1.0,
    5.0,
    10.0,
    0.0,
    6.0,
    0.0,
    4.0,
    7.0,
    24.0,
    0.0,
    0.0,
    10.0,
    7.0,
    1.0,
    19.0,
    7.0
  ],
  "per_position_used_tokens": [
    2,
    3,
    10,
    12,
    14,
    11,
    6,
    3,
    5,
    9,
    11,
    11,
    13,
    11,
    8,
    8,
    12,
    7,
    8,
    13,
    11,
    9,
    9,
    10,
    8,
    7,
    11,
    10,
    10,
    13,
    12,
    9,
    12,
    12,
    9,
    8,
    12,
    9,
    12,
    13,
    9,
    6,
    7,
    8,
    14,
    11,
    11,
    7,
    4
  ],
  "per_position_perplexity": [
    1.6202453123826384,
    2.649351128562104,
    9.20756407058823,
    11.313708498984754,
    13.454342644059432,
    9.513656920021766,
    4.762154647406401,
    2.175942995894572,
    4.551298231586873,
    7.336032345637369,
    10.040919817987259,
    10.040919817987259,
    12.337686603263522,
    8.872849330471647,
    6.871566675357256,
    5.778275784484801,
    10.94970070458694,
    5.298702257124208,
    7.019061402413293,
    12.337686603263528,
    9.20756407058823,
    7.336032345637369,
    7.908798803583861,
    9.20756407058823,
    6.871566675357256,
    5.096835364334098,
    9.717862787041229,
    8.443373480795467,
    8.724061861322058,
    12.337686603263522,
    10.94970070458694,
    7.742607620176543,
    10.94970070458694,
    10.94970070458694,
    7.336032345637369,
    5.7429110703676285,
    10.94970070458694,
    8.17171598155044,
    10.94970070458694,
    12.337686603263522,
    7.221091890985589,
    5.298702257124208,
    5.365806169602652,
    7.252400479778668,
    13.454342644059432,
    10.040919817987264,
    10.040919817987259,
    5.876823346811643,
    3.4729934551046804
  ],
  "per_position_summary": {
    "used_tokens_min": 2,
    "used_tokens_mean": 9.387755102040817,
    "used_tokens_max": 14,
    "ppl_min": 1.6202453123826384,
    "ppl_mean": 8.267070793427486,
    "ppl_max": 13.454342644059432
  },
  "run_id": "generation_riemannian_refined_seed123_temp0p80_tp0p85_cs1p15",
  "metric_tag": "riemannian",
  "sampler_tag": "refined",
  "seed": 123,
  "user_tag": "generation",
  "temperature": 0.8,
  "top_p": 0.85,
  "codebook_scale": 1.15
}