{
  "N_sequences": 16,
  "seq_len": 49,
  "vocab_size": 128,
  "used_tokens": 74,
  "unused_tokens": 54,
  "pct_unused": 0.421875,
  "token_utilization": 57.8125,
  "entropy_nats": 3.899905503678596,
  "entropy_bits": 5.626374330092686,
  "perplexity": 49.39778097638535,
  "effective_vocab_ratio": 0.38592016387801054,
  "token_counts": [
    1.0,
    0.0,
    0.0,
    0.0,
    21.0,
    28.0,
    2.0,
    23.0,
    30.0,
    0.0,
    0.0,
    9.0,
    16.0,
    13.0,
    0.0,
    7.0,
    3.0,
    14.0,
    0.0,
    10.0,
    3.0,
    1.0,
    0.0,
    4.0,
    0.0,
    7.0,
    0.0,
    0.0,
    0.0,
    13.0,
    0.0,
    12.0,
    24.0,
    3.0,
    0.0,
    6.0,
    1.0,
    1.0,
    20.0,
    0.0,
    0.0,
    17.0,
    0.0,
    1.0,
    0.0,
    0.0,
    1.0,
    0.0,
    0.0,
    0.0,
    39.0,
    0.0,
    0.0,
    7.0,
    0.0,
    0.0,
    0.0,
    1.0,
    11.0,
    23.0,
    20.0,
    0.0,
    1.0,
    16.0,
    27.0,
    7.0,
    16.0,
    0.0,
    0.0,
    2.0,
    0.0,
    5.0,
    0.0,
    1.0,
    0.0,
    31.0,
    14.0,
    1.0,
    0.0,
    45.0,
    17.0,
    18.0,
    7.0,
    0.0,
    4.0,
    0.0,
    9.0,
    6.0,
    0.0,
    22.0,
    2.0,
    4.0,
    0.0,
    0.0,
    0.0,
    8.0,
    1.0,
    0.0,
    0.0,
    0.0,
    0.0,
    0.0,
    0.0,
    2.0,
    2.0,
    0.0,
    0.0,
    15.0,
    1.0,
    0.0,
    21.0,
    0.0,
    1.0,
    6.0,
    8.0,
    0.0,
    5.0,
    0.0,
    3.0,
    6.0,
    22.0,
    0.0,
    0.0,
    9.0,
    4.0,
    1.0,
    15.0,
    7.0
  ],
  "per_position_used_tokens": [
    3,
    4,
    14,
    13,
    13,
    10,
    5,
    3,
    6,
    11,
    11,
    12,
    12,
    9,
    5,
    7,
    12,
    7,
    9,
    15,
    10,
    10,
    12,
    10,
    8,
    9,
    9,
    11,
    9,
    10,
    10,
    7,
    10,
    12,
    8,
    8,
    11,
    9,
    9,
    12,
    8,
    7,
    6,
    13,
    14,
    10,
    11,
    7,
    4
  ],
  "per_position_perplexity": [
    1.8256278800579229,
    3.137025965011511,
    13.454342644059432,
    12.337686603263522,
    12.337686603263522,
    8.443373480795467,
    4.366915066037587,
    2.175942995894572,
    5.389070770225885,
    9.20756407058823,
    9.717862787041229,
    10.597404514248414,
    10.94970070458694,
    6.650480562896537,
    4.40486454619757,
    4.829193332193013,
    11.31370849898476,
    4.603782035294116,
    7.742607620176543,
    14.672064691274734,
    8.911319467025024,
    7.999999999999998,
    11.313708498984754,
    8.724061861322058,
    6.841902144833487,
    7.22109189098559,
    7.742607620176543,
    9.513656920021766,
    7.22109189098559,
    9.20756407058823,
    8.136438710788363,
    5.876823346811644,
    8.724061861322062,
    11.313708498984754,
    6.408721303205816,
    5.187358218604038,
    8.872849330471652,
    7.493496595001984,
    7.22109189098559,
    11.31370849898476,
    6.727171322029715,
    5.568223042771739,
    4.4283898110380315,
    12.337686603263522,
    13.454342644059432,
    9.20756407058823,
    9.717862787041229,
    5.096835364334098,
    3.361253198789595
  ],
  "per_position_summary": {
    "used_tokens_min": 3,
    "used_tokens_mean": 9.285714285714286,
    "used_tokens_max": 15,
    "ppl_min": 1.8256278800579229,
    "ppl_mean": 8.026561159920222,
    "ppl_max": 14.672064691274734
  },
  "run_id": "generation_riemannian_refined_seed123_temp0p80_tp0p90_cs1p15",
  "metric_tag": "riemannian",
  "sampler_tag": "refined",
  "seed": 123,
  "user_tag": "generation",
  "temperature": 0.8,
  "top_p": 0.9,
  "codebook_scale": 1.15
}