{
  "N_sequences": 16,
  "seq_len": 49,
  "vocab_size": 128,
  "used_tokens": 89,
  "unused_tokens": 39,
  "pct_unused": 0.3046875,
  "token_utilization": 69.53125,
  "entropy_nats": 4.087634375200101,
  "entropy_bits": 5.897209842068442,
  "perplexity": 59.59873656066807,
  "effective_vocab_ratio": 0.4656151293802193,
  "per_position_used_tokens": [
    3,
    9,
    11,
    13,
    15,
    11,
    7,
    10,
    10,
    15,
    9,
    14,
    14,
    8,
    9,
    13,
    15,
    10,
    11,
    14,
    11,
    11,
    11,
    10,
    13,
    11,
    13,
    11,
    11,
    12,
    12,
    13,
    12,
    15,
    12,
    11,
    13,
    13,
    13,
    10,
    11,
    11,
    10,
    11,
    12,
    14,
    12,
    7,
    6
  ],
  "per_position_perplexity": [
    1.8256278800579229,
    7.742607620176543,
    10.040919817987259,
    12.337686603263522,
    14.672064691274741,
    9.513656920021766,
    6.098517565430202,
    8.136438710788363,
    8.911319467025024,
    14.672064691274741,
    7.908798803583861,
    13.454342644059432,
    13.021461985045098,
    6.274051930023021,
    7.742607620176543,
    12.337686603263522,
    14.672064691274741,
    8.624606251401941,
    9.513656920021766,
    13.454342644059432,
    9.513656920021766,
    9.20756407058823,
    10.040919817987259,
    8.911319467025024,
    12.337686603263522,
    9.513656920021766,
    12.337686603263528,
    10.040919817987259,
    9.717862787041229,
    10.94970070458694,
    10.374716437208074,
    12.337686603263522,
    10.374716437208074,
    14.672064691274741,
    10.94970070458694,
    9.717862787041229,
    11.940733288722276,
    12.337686603263528,
    11.940733288722276,
    8.724061861322058,
    10.374716437208074,
    9.513656920021766,
    8.443373480795467,
    9.513656920021766,
    10.94970070458694,
    13.454342644059432,
    10.374716437208074,
    5.412436239502412,
    4.531650292231522
  ],
  "per_position_summary": {
    "used_tokens_min": 3,
    "used_tokens_mean": 11.285714285714286,
    "used_tokens_max": 15,
    "ppl_min": 1.8256278800579229,
    "ppl_mean": 10.193136950004982,
    "ppl_max": 14.672064691274741
  }
}