{
  "N_sequences": 16,
  "seq_len": 49,
  "vocab_size": 128,
  "used_tokens": 81,
  "unused_tokens": 47,
  "pct_unused": 0.3671875,
  "token_utilization": 63.28125,
  "entropy_nats": 4.020153058855074,
  "entropy_bits": 5.799854881624813,
  "perplexity": 55.70963202676839,
  "effective_vocab_ratio": 0.43523150020912804,
  "token_counts": [
    0.0,
    1.0,
    1.0,
    2.0,
    26.0,
    25.0,
    2.0,
    12.0,
    24.0,
    0.0,
    0.0,
    8.0,
    18.0,
    16.0,
    0.0,
    5.0,
    5.0,
    8.0,
    0.0,
    6.0,
    6.0,
    2.0,
    0.0,
    4.0,
    0.0,
    10.0,
    1.0,
    2.0,
    1.0,
    13.0,
    0.0,
    14.0,
    22.0,
    3.0,
    1.0,
    10.0,
    3.0,
    0.0,
    19.0,
    2.0,
    1.0,
    19.0,
    1.0,
    6.0,
    0.0,
    0.0,
    4.0,
    0.0,
    0.0,
    0.0,
    32.0,
    0.0,
    0.0,
    5.0,
    0.0,
    0.0,
    0.0,
    1.0,
    10.0,
    19.0,
    20.0,
    0.0,
    0.0,
    17.0,
    22.0,
    3.0,
    5.0,
    0.0,
    0.0,
    4.0,
    0.0,
    10.0,
    0.0,
    1.0,
    0.0,
    20.0,
    14.0,
    1.0,
    0.0,
    49.0,
    22.0,
    17.0,
    10.0,
    0.0,
    6.0,
    0.0,
    5.0,
    9.0,
    0.0,
    22.0,
    1.0,
    7.0,
    0.0,
    0.0,
    0.0,
    13.0,
    0.0,
    0.0,
    0.0,
    0.0,
    0.0,
    0.0,
    1.0,
    9.0,
    6.0,
    0.0,
    0.0,
    12.0,
    2.0,
    0.0,
    16.0,
    0.0,
    2.0,
    3.0,
    14.0,
    0.0,
    7.0,
    1.0,
    7.0,
    4.0,
    20.0,
    0.0,
    0.0,
    8.0,
    9.0,
    0.0,
    11.0,
    4.0
  ],
  "per_position_used_tokens": [
    4,
    8,
    15,
    14,
    15,
    16,
    7,
    5,
    7,
    12,
    14,
    11,
    12,
    11,
    9,
    12,
    12,
    8,
    10,
    11,
    11,
    11,
    12,
    12,
    12,
    12,
    14,
    13,
    13,
    12,
    9,
    11,
    11,
    11,
    11,
    12,
    11,
    12,
    12,
    11,
    10,
    10,
    9,
    11,
    15,
    13,
    14,
    8,
    5
  ],
  "per_position_perplexity": [
    2.2756491157934366,
    6.0985175654302015,
    14.672064691274741,
    13.454342644059432,
    14.672064691274741,
    15.999999999999998,
    6.168843301631763,
    4.085857990775222,
    6.168843301631763,
    10.374716437208074,
    13.454342644059432,
    9.513656920021766,
    10.94970070458694,
    10.040919817987259,
    8.17171598155044,
    10.94970070458694,
    10.374716437208079,
    6.621770460386251,
    8.724061861322058,
    9.513656920021766,
    9.513656920021766,
    10.040919817987259,
    10.94970070458694,
    11.31370849898476,
    10.94970070458694,
    10.94970070458694,
    13.454342644059432,
    11.940733288722276,
    12.337686603263522,
    11.31370849898476,
    6.871566675357256,
    8.872849330471647,
    8.171715981550443,
    9.513656920021766,
    9.717862787041229,
    10.597404514248414,
    9.717862787041229,
    11.31370849898476,
    11.31370849898476,
    9.717862787041229,
    9.20756407058823,
    8.44337348079547,
    7.4611471950799295,
    9.717862787041232,
    14.672064691274741,
    12.337686603263522,
    13.454342644059432,
    7.100002492649187,
    4.531650292231521
  ],
  "per_position_summary": {
    "used_tokens_min": 4,
    "used_tokens_mean": 11.040816326530612,
    "used_tokens_max": 16,
    "ppl_min": 2.2756491157934366,
    "ppl_mean": 9.954752930904508,
    "ppl_max": 15.999999999999998
  },
  "run_id": "generation_riemannian_base_seed123",
  "metric_tag": "riemannian",
  "sampler_tag": "base",
  "seed": 123,
  "user_tag": "generation",
  "temperature": null,
  "top_p": null,
  "codebook_scale": null
}