{
  "N_sequences": 16,
  "seq_len": 49,
  "vocab_size": 128,
  "used_tokens": 85,
  "unused_tokens": 43,
  "pct_unused": 0.3359375,
  "token_utilization": 66.40625,
  "entropy_nats": 4.052857410125211,
  "entropy_bits": 5.847037287017729,
  "perplexity": 57.56169966287766,
  "effective_vocab_ratio": 0.4497007786162317,
  "per_position_used_tokens": [
    2,
    7,
    13,
    12,
    14,
    13,
    6,
    4,
    11,
    14,
    14,
    12,
    12,
    10,
    9,
    12,
    13,
    10,
    10,
    12,
    10,
    13,
    14,
    13,
    14,
    9,
    11,
    9,
    10,
    14,
    12,
    12,
    12,
    14,
    9,
    11,
    11,
    14,
    11,
    12,
    12,
    9,
    7,
    11,
    11,
    14,
    10,
    10,
    7
  ],
  "per_position_perplexity": [
    1.2633812503027273,
    5.298702257124208,
    12.337686603263522,
    10.94970070458694,
    13.021461985045098,
    11.940733288722276,
    4.428389811038031,
    2.2756491157934366,
    9.20756407058823,
    13.454342644059432,
    13.454342644059432,
    10.94970070458694,
    10.94970070458694,
    8.911319467025024,
    8.17171598155044,
    11.31370849898476,
    11.940733288722276,
    8.443373480795467,
    8.724061861322058,
    10.94970070458694,
    8.724061861322058,
    11.940733288722276,
    13.021461985045098,
    11.940733288722276,
    13.454342644059432,
    7.742607620176543,
    9.513656920021766,
    7.4611471950799295,
    8.911319467025024,
    13.454342644059432,
    10.94970070458694,
    10.94970070458694,
    10.94970070458694,
    13.454342644059432,
    7.4611471950799295,
    10.374716437208074,
    10.040919817987259,
    13.454342644059432,
    10.040919817987259,
    10.94970070458694,
    11.31370849898476,
    7.493496595001984,
    6.301254424453085,
    9.513656920021766,
    10.040919817987259,
    13.454342644059432,
    8.911319467025024,
    8.911319467025024,
    5.298702257124208
  ],
  "per_position_summary": {
    "used_tokens_min": 2,
    "used_tokens_mean": 10.938775510204081,
    "used_tokens_max": 14,
    "ppl_min": 1.2633812503027273,
    "ppl_mean": 9.877842600967137,
    "ppl_max": 13.454342644059432
  }
}