{
  "N_sequences": 16,
  "seq_len": 49,
  "vocab_size": 128,
  "used_tokens": 68,
  "unused_tokens": 60,
  "pct_unused": 0.46875,
  "token_utilization": 53.125,
  "entropy_nats": 3.8091113241094994,
  "entropy_bits": 5.495386017486768,
  "perplexity": 45.110332583235596,
  "effective_vocab_ratio": 0.3524244733065281,
  "per_position_used_tokens": [
    2,
    7,
    11,
    13,
    13,
    14,
    10,
    6,
    8,
    13,
    12,
    13,
    15,
    9,
    10,
    10,
    11,
    11,
    9,
    10,
    11,
    13,
    10,
    9,
    13,
    11,
    12,
    10,
    11,
    13,
    10,
    9,
    8,
    10,
    9,
    11,
    12,
    10,
    11,
    12,
    7,
    6,
    9,
    10,
    12,
    9,
    11,
    5,
    5
  ],
  "per_position_perplexity": [
    1.4575692649810905,
    5.876823346811643,
    9.513656920021766,
    12.337686603263522,
    11.940733288722281,
    13.45434264405943,
    8.724061861322058,
    3.0772480957448476,
    5.5581383769280786,
    11.940733288722281,
    10.94970070458694,
    12.337686603263528,
    14.672064691274734,
    8.17171598155044,
    9.20756407058823,
    8.443373480795465,
    10.040919817987263,
    9.513656920021766,
    6.650480562896536,
    8.443373480795465,
    10.040919817987259,
    12.337686603263522,
    9.20756407058823,
    8.17171598155044,
    12.337686603263528,
    8.872849330471649,
    11.313708498984758,
    8.136438710788363,
    10.040919817987259,
    12.337686603263522,
    8.724061861322058,
    6.871566675357256,
    6.621770460386251,
    8.724061861322058,
    6.871566675357256,
    9.717862787041229,
    10.597404514248414,
    7.999999999999999,
    9.20756407058823,
    10.374716437208074,
    5.753330987107183,
    3.9093186572230967,
    7.908798803583861,
    8.911319467025024,
    11.313708498984758,
    6.262688930244811,
    10.040919817987259,
    3.7873262182874843,
    4.085857990775222
  ],
  "per_position_summary": {
    "used_tokens_min": 2,
    "used_tokens_mean": 10.122448979591837,
    "used_tokens_max": 15,
    "ppl_min": 1.4575692649810905,
    "ppl_mean": 8.832501035847661,
    "ppl_max": 14.672064691274734
  }
}