{
  "N_sequences": 60000,
  "seq_len": 49,
  "vocab_size": 128,
  "used_tokens": 128,
  "unused_tokens": 0,
  "pct_unused": 0.0,
  "token_utilization": 100.0,
  "entropy_nats": 4.107718112380883,
  "entropy_bits": 5.926184550101673,
  "perplexity": 60.807802563867774,
  "effective_vocab_ratio": 0.475060957530217,
  "per_position_used_tokens": [
    26,
    99,
    114,
    122,
    117,
    110,
    64,
    107,
    115,
    125,
    126,
    125,
    125,
    107,
    111,
    119,
    125,
    126,
    126,
    123,
    108,
    113,
    122,
    126,
    127,
    126,
    121,
    109,
    116,
    124,
    125,
    125,
    126,
    122,
    105,
    113,
    121,
    123,
    126,
    123,
    115,
    94,
    83,
    109,
    115,
    115,
    109,
    99,
    54
  ],
  "per_position_perplexity": [
    1.5258622613034611,
    9.669522689992673,
    27.303923218863606,
    50.76916841338483,
    52.325021947457685,
    38.49641493411228,
    12.020177055300163,
    7.812593413578758,
    14.98844742702814,
    39.86009824894704,
    45.69502110351809,
    44.58034730912694,
    37.04134027213059,
    19.31935400155441,
    16.526458558347773,
    30.688539092009144,
    42.39796070837899,
    25.425769251924994,
    29.675356809315332,
    37.01912650123296,
    25.176567988987745,
    25.556743239981397,
    36.9866530454633,
    35.901951124879744,
    42.80721150832594,
    30.426189854098133,
    40.282464413790464,
    23.280911781659846,
    29.430239420590823,
    38.91273614157156,
    35.64680550367255,
    29.336510457683318,
    34.459934226582334,
    33.41380527132517,
    20.522058347790292,
    25.894678626269393,
    31.97654943512876,
    36.29217914554737,
    30.60366089181795,
    31.67866853735403,
    22.361014671392528,
    12.1226794201121,
    15.81817401027997,
    19.98132404687635,
    39.40587871601855,
    34.011941286815414,
    28.695725462593042,
    10.498154561072708,
    6.03605886089132
  ],
  "per_position_summary": {
    "used_tokens_min": 26,
    "used_tokens_mean": 112.36734693877551,
    "used_tokens_max": 127,
    "ppl_min": 1.5258622613034611,
    "ppl_mean": 28.788938228899585,
    "ppl_max": 52.325021947457685
  }
}