{
  "N_sequences": 16,
  "seq_len": 49,
  "vocab_size": 128,
  "used_tokens": 73,
  "unused_tokens": 55,
  "pct_unused": 0.4296875,
  "token_utilization": 57.03125,
  "entropy_nats": 3.9288127448049277,
  "entropy_bits": 5.668078663511426,
  "perplexity": 50.84657395990237,
  "effective_vocab_ratio": 0.3972388590617373,
  "token_counts": [
    1.0,
    0.0,
    0.0,
    0.0,
    19.0,
    20.0,
    2.0,
    16.0,
    27.0,
    0.0,
    0.0,
    9.0,
    18.0,
    15.0,
    1.0,
    9.0,
    3.0,
    17.0,
    0.0,
    7.0,
    7.0,
    0.0,
    0.0,
    6.0,
    0.0,
    6.0,
    0.0,
    1.0,
    0.0,
    12.0,
    0.0,
    11.0,
    25.0,
    3.0,
    0.0,
    11.0,
    1.0,
    0.0,
    19.0,
    1.0,
    0.0,
    15.0,
    0.0,
    4.0,
    0.0,
    0.0,
    2.0,
    0.0,
    0.0,
    0.0,
    38.0,
    0.0,
    0.0,
    6.0,
    0.0,
    0.0,
    0.0,
    0.0,
    12.0,
    18.0,
    23.0,
    0.0,
    1.0,
    12.0,
    26.0,
    6.0,
    15.0,
    0.0,
    0.0,
    4.0,
    0.0,
    6.0,
    0.0,
    3.0,
    0.0,
    28.0,
    13.0,
    1.0,
    0.0,
    50.0,
    19.0,
    20.0,
    9.0,
    0.0,
    5.0,
    0.0,
    5.0,
    6.0,
    0.0,
    24.0,
    0.0,
    3.0,
    0.0,
    0.0,
    0.0,
    9.0,
    1.0,
    0.0,
    0.0,
    0.0,
    0.0,
    0.0,
    0.0,
    6.0,
    4.0,
    0.0,
    0.0,
    9.0,
    2.0,
    0.0,
    23.0,
    0.0,
    1.0,
    5.0,
    7.0,
    0.0,
    4.0,
    0.0,
    2.0,
    3.0,
    21.0,
    0.0,
    0.0,
    9.0,
    7.0,
    1.0,
    21.0,
    8.0
  ],
  "per_position_used_tokens": [
    3,
    5,
    14,
    12,
    13,
    11,
    5,
    4,
    6,
    11,
    11,
    11,
    12,
    9,
    6,
    9,
    13,
    9,
    10,
    13,
    11,
    8,
    11,
    10,
    9,
    7,
    12,
    10,
    10,
    12,
    9,
    10,
    10,
    11,
    8,
    7,
    12,
    8,
    11,
    11,
    8,
    6,
    7,
    10,
    12,
    10,
    11,
    6,
    5
  ],
  "per_position_perplexity": [
    1.8256278800579229,
    3.668016172818685,
    13.454342644059432,
    11.31370849898476,
    12.337686603263522,
    9.717862787041229,
    4.137602180900962,
    2.6829030848013256,
    5.389070770225885,
    9.20756407058823,
    9.717862787041229,
    9.717862787041232,
    10.94970070458694,
    7.22109189098559,
    5.106083043687101,
    7.22109189098559,
    12.337686603263522,
    6.262688930244811,
    8.443373480795467,
    12.337686603263522,
    9.717862787041232,
    6.871566675357256,
    10.040919817987259,
    8.136438710788363,
    7.999999999999998,
    5.096835364334098,
    11.313708498984754,
    8.911319467025024,
    8.911319467025024,
    10.94970070458694,
    7.999999999999998,
    8.911319467025024,
    8.136438710788363,
    9.513656920021766,
    6.727171322029715,
    5.096835364334098,
    10.597404514248414,
    6.274051930023021,
    10.374716437208074,
    9.717862787041232,
    5.558138376928079,
    5.106083043687101,
    5.365806169602652,
    9.20756407058823,
    11.31370849898476,
    8.624606251401941,
    9.717862787041229,
    4.67381863664292,
    3.7467482975009925
  ],
  "per_position_summary": {
    "used_tokens_min": 3,
    "used_tokens_mean": 9.36734693877551,
    "used_tokens_max": 14,
    "ppl_min": 1.8256278800579229,
    "ppl_mean": 8.115570989650294,
    "ppl_max": 13.454342644059432
  },
  "run_id": "generation_riemannian_refined_seed123_temp0p80_tp0p95_cs1p15",
  "metric_tag": "riemannian",
  "sampler_tag": "refined",
  "seed": 123,
  "user_tag": "generation",
  "temperature": 0.8,
  "top_p": 0.95,
  "codebook_scale": 1.15
}