{
  "N_sequences": 60000,
  "seq_len": 49,
  "vocab_size": 128,
  "used_tokens": 128,
  "unused_tokens": 0,
  "pct_unused": 0.0,
  "token_utilization": 100.0,
  "entropy_nats": 4.068366231628814,
  "entropy_bits": 5.8694117868910105,
  "perplexity": 58.461372186050326,
  "effective_vocab_ratio": 0.4567294702035182,
  "token_counts": [
    3129.0,
    578.0,
    716.0,
    2633.0,
    90440.0,
    86246.0,
    6796.0,
    67372.0,
    90074.0,
    680.0,
    94.0,
    48758.0,
    66229.0,
    42793.0,
    1179.0,
    23917.0,
    7294.0,
    34746.0,
    168.0,
    34672.0,
    26732.0,
    8075.0,
    1949.0,
    15447.0,
    546.0,
    26765.0,
    329.0,
    3515.0,
    1195.0,
    42825.0,
    214.0,
    26970.0,
    83988.0,
    14046.0,
    983.0,
    35878.0,
    11897.0,
    2847.0,
    70263.0,
    5502.0,
    2488.0,
    84867.0,
    243.0,
    10119.0,
    543.0,
    610.0,
    6183.0,
    220.0,
    620.0,
    2561.0,
    80241.0,
    1787.0,
    640.0,
    15707.0,
    636.0,
    586.0,
    859.0,
    13399.0,
    32525.0,
    68257.0,
    64389.0,
    2163.0,
    1488.0,
    53900.0,
    80678.0,
    35902.0,
    43080.0,
    1037.0,
    3267.0,
    15212.0,
    302.0,
    30107.0,
    1058.0,
    15131.0,
    567.0,
    99512.0,
    47817.0,
    7594.0,
    510.0,
    153933.0,
    80546.0,
    82517.0,
    37803.0,
    32.0,
    13083.0,
    42.0,
    26879.0,
    20122.0,
    856.0,
    79907.0,
    3928.0,
    18985.0,
    422.0,
    878.0,
    425.0,
    44659.0,
    1206.0,
    539.0,
    602.0,
    38.0,
    472.0,
    182.0,
    1754.0,
    31105.0,
    22310.0,
    151.0,
    144.0,
    54761.0,
    6510.0,
    1044.0,
    94848.0,
    647.0,
    4971.0,
    16440.0,
    60553.0,
    52.0,
    23442.0,
    384.0,
    16320.0,
    19258.0,
    76906.0,
    361.0,
    531.0,
    25647.0,
    31646.0,
    3232.0,
    44805.0,
    18837.0
  ],
  "per_position_used_tokens": [
    32,
    89,
    115,
    116,
    115,
    108,
    70,
    106,
    109,
    120,
    122,
    122,
    122,
    108,
    111,
    118,
    123,
    127,
    126,
    120,
    106,
    108,
    120,
    125,
    127,
    126,
    125,
    115,
    112,
    121,
    127,
    128,
    126,
    121,
    109,
    107,
    119,
    123,
    125,
    123,
    108,
    96,
    87,
    108,
    115,
    117,
    112,
    96,
    59
  ],
  "per_position_perplexity": [
    3.3649717958984056,
    9.144914516944034,
    30.0180829043083,
    51.85838190281188,
    54.39191964346278,
    44.628821229559236,
    11.744664582085594,
    6.847355132713552,
    15.595058538868777,
    38.70905115228266,
    40.92938238228698,
    35.52072785403638,
    38.71940221681623,
    21.387390496140206,
    17.73643481462493,
    31.51684714179813,
    35.142330050103766,
    20.041690345729943,
    24.239016730196138,
    34.45444811146128,
    26.37886513656205,
    27.798636591823286,
    36.93305080694829,
    29.799387860924192,
    32.331953925633066,
    23.62252258906733,
    40.121459655226474,
    25.505252293073607,
    31.668125796473173,
    37.82274497182435,
    27.974387523574286,
    23.53433571523941,
    28.01050092924848,
    33.45646155311546,
    20.36556647772972,
    23.578519901110983,
    31.996351099975115,
    29.097675785275396,
    25.079017760445968,
    28.67648331846667,
    24.287147935370868,
    12.333957367748509,
    16.094281279544806,
    22.680835427440137,
    39.345874684744054,
    35.533305824802014,
    29.874956747798127,
    12.350370450430304,
    6.593768968994686
  ],
  "per_position_summary": {
    "used_tokens_min": 32,
    "used_tokens_mean": 111.63265306122449,
    "used_tokens_max": 128,
    "ppl_min": 3.3649717958984056,
    "ppl_mean": 27.527279386137554,
    "ppl_max": 54.39191964346278
  },
  "run_id": "dataset_riemannian_dataset_seed0",
  "metric_tag": "riemannian",
  "sampler_tag": "dataset",
  "seed": 0,
  "user_tag": "dataset",
  "temperature": null,
  "top_p": null,
  "codebook_scale": null
}