{
  "N_sequences": 16,
  "seq_len": 49,
  "vocab_size": 128,
  "used_tokens": 67,
  "unused_tokens": 61,
  "pct_unused": 0.4765625,
  "token_utilization": 52.34375,
  "entropy_nats": 3.8085292826442325,
  "entropy_bits": 5.494546309151236,
  "perplexity": 45.08408413874274,
  "effective_vocab_ratio": 0.35221940733392765,
  "per_position_used_tokens": [
    2,
    7,
    11,
    14,
    13,
    10,
    8,
    6,
    6,
    11,
    13,
    14,
    13,
    10,
    10,
    13,
    11,
    6,
    9,
    11,
    9,
    12,
    13,
    12,
    10,
    8,
    14,
    9,
    12,
    12,
    10,
    9,
    9,
    13,
    10,
    11,
    11,
    12,
    9,
    10,
    11,
    8,
    6,
    10,
    14,
    11,
    12,
    8,
    5
  ],
  "per_position_perplexity": [
    1.2633812503027273,
    5.753330987107183,
    9.717862787041232,
    13.45434264405943,
    11.313708498984758,
    8.443373480795465,
    6.621770460386251,
    4.920465952578201,
    4.221686740397734,
    10.040919817987259,
    12.337686603263522,
    13.021461985045097,
    12.337686603263522,
    8.911319467025024,
    8.911319467025024,
    12.337686603263522,
    9.513656920021766,
    5.106083043687101,
    7.742607620176543,
    9.513656920021766,
    7.742607620176543,
    10.94970070458694,
    11.940733288722281,
    11.313708498984758,
    9.20756407058823,
    6.301254424453084,
    13.45434264405943,
    7.742607620176543,
    10.374716437208074,
    11.313708498984758,
    9.513656920021766,
    7.2210918909855915,
    6.262688930244811,
    11.940733288722276,
    8.443373480795465,
    10.040919817987259,
    9.20756407058823,
    10.374716437208077,
    7.336032345637368,
    8.136438710788363,
    9.513656920021766,
    5.742911070367629,
    4.837955402826545,
    9.20756407058823,
    13.45434264405943,
    9.513656920021766,
    10.374716437208074,
    6.27405193002302,
    3.668016172818685
  ],
  "per_position_summary": {
    "used_tokens_min": 2,
    "used_tokens_mean": 10.16326530612245,
    "used_tokens_max": 14,
    "ppl_min": 1.2633812503027273,
    "ppl_mean": 8.916102839209962,
    "ppl_max": 13.45434264405943
  }
}