{
  "N_sequences": 16,
  "seq_len": 49,
  "vocab_size": 128,
  "used_tokens": 65,
  "unused_tokens": 63,
  "pct_unused": 0.4921875,
  "token_utilization": 50.78125,
  "entropy_nats": 3.730380930644994,
  "entropy_bits": 5.381802069268289,
  "perplexity": 41.69498803795828,
  "effective_vocab_ratio": 0.3257420940465491,
  "per_position_used_tokens": [
    1,
    6,
    10,
    11,
    14,
    10,
    8,
    6,
    7,
    12,
    12,
    11,
    11,
    10,
    9,
    13,
    11,
    9,
    11,
    10,
    9,
    6,
    11,
    10,
    12,
    9,
    13,
    8,
    12,
    13,
    4,
    7,
    8,
    11,
    10,
    10,
    10,
    9,
    8,
    12,
    7,
    8,
    8,
    11,
    15,
    10,
    12,
    4,
    3
  ],
  "per_position_perplexity": [
    1.0,
    4.673818636642921,
    8.724061861322058,
    10.040919817987259,
    13.45434264405943,
    9.20756407058823,
    6.871566675357256,
    3.9093186572230967,
    5.096835364334098,
    10.94970070458694,
    10.94970070458694,
    8.872849330471652,
    9.513656920021766,
    8.724061861322058,
    7.908798803583861,
    11.313708498984758,
    9.717862787041232,
    6.871566675357258,
    8.171715981550443,
    7.493496595001984,
    8.17171598155044,
    4.531650292231522,
    9.717862787041229,
    7.493496595001984,
    9.675910805653087,
    6.262688930244811,
    11.940733288722281,
    6.871566675357256,
    10.94970070458694,
    12.337686603263522,
    3.198557201172535,
    5.753330987107183,
    6.27405193002302,
    9.513656920021766,
    8.443373480795465,
    9.20756407058823,
    8.724061861322058,
    7.22109189098559,
    6.0985175654302015,
    10.374716437208077,
    5.753330987107183,
    6.0985175654302015,
    7.100002492649186,
    10.040919817987259,
    14.672064691274741,
    7.493496595001984,
    10.94970070458694,
    3.1815652676536317,
    2.675366828465664
  ],
  "per_position_summary": {
    "used_tokens_min": 1,
    "used_tokens_mean": 9.428571428571429,
    "used_tokens_max": 15,
    "ppl_min": 1.0,
    "ppl_mean": 8.044743807111985,
    "ppl_max": 14.672064691274741
  }
}