{
  "N_sequences": 16,
  "seq_len": 49,
  "vocab_size": 128,
  "used_tokens": 74,
  "unused_tokens": 54,
  "pct_unused": 0.421875,
  "token_utilization": 57.8125,
  "entropy_nats": 3.9533999258821653,
  "entropy_bits": 5.703550467720995,
  "perplexity": 52.112243746544,
  "effective_vocab_ratio": 0.407126904269875,
  "token_counts": [
    2.0,
    0.0,
    0.0,
    0.0,
    22.0,
    26.0,
    3.0,
    16.0,
    25.0,
    0.0,
    0.0,
    11.0,
    21.0,
    15.0,
    0.0,
    5.0,
    3.0,
    16.0,
    0.0,
    6.0,
    5.0,
    1.0,
    0.0,
    5.0,
    0.0,
    7.0,
    0.0,
    2.0,
    0.0,
    12.0,
    0.0,
    8.0,
    17.0,
    4.0,
    0.0,
    10.0,
    3.0,
    0.0,
    27.0,
    0.0,
    1.0,
    13.0,
    0.0,
    4.0,
    0.0,
    0.0,
    2.0,
    0.0,
    0.0,
    1.0,
    37.0,
    0.0,
    0.0,
    6.0,
    0.0,
    0.0,
    0.0,
    2.0,
    11.0,
    26.0,
    18.0,
    0.0,
    0.0,
    15.0,
    24.0,
    4.0,
    16.0,
    0.0,
    0.0,
    4.0,
    0.0,
    5.0,
    0.0,
    4.0,
    0.0,
    27.0,
    16.0,
    1.0,
    0.0,
    42.0,
    20.0,
    17.0,
    8.0,
    0.0,
    9.0,
    0.0,
    9.0,
    8.0,
    0.0,
    23.0,
    1.0,
    2.0,
    0.0,
    0.0,
    0.0,
    15.0,
    0.0,
    0.0,
    0.0,
    0.0,
    0.0,
    0.0,
    0.0,
    8.0,
    3.0,
    0.0,
    0.0,
    9.0,
    2.0,
    0.0,
    23.0,
    0.0,
    1.0,
    2.0,
    11.0,
    0.0,
    3.0,
    0.0,
    1.0,
    4.0,
    19.0,
    0.0,
    0.0,
    7.0,
    9.0,
    1.0,
    10.0,
    8.0
  ],
  "per_position_used_tokens": [
    3,
    6,
    14,
    11,
    15,
    11,
    5,
    4,
    7,
    9,
    11,
    11,
    12,
    6,
    7,
    9,
    13,
    6,
    10,
    13,
    10,
    9,
    10,
    10,
    10,
    9,
    13,
    12,
    12,
    13,
    12,
    10,
    9,
    11,
    7,
    8,
    9,
    9,
    9,
    11,
    8,
    5,
    9,
    12,
    12,
    13,
    8,
    7,
    4
  ],
  "per_position_perplexity": [
    1.8256278800579229,
    4.4283898110380315,
    13.454342644059432,
    10.040919817987259,
    14.672064691274741,
    10.040919817987259,
    3.9301973370990364,
    2.811450521134735,
    6.301254424453085,
    7.336032345637369,
    9.717862787041229,
    9.717862787041229,
    10.94970070458694,
    4.963225915211198,
    5.753330987107183,
    7.22109189098559,
    12.337686603263522,
    4.362030930661031,
    8.136438710788363,
    12.337686603263522,
    8.911319467025024,
    7.742607620176543,
    8.911319467025024,
    8.443373480795467,
    9.20756407058823,
    6.871566675357256,
    11.940733288722276,
    10.597404514248414,
    10.374716437208079,
    11.31370849898476,
    10.374716437208079,
    8.136438710788363,
    7.742607620176543,
    9.717862787041229,
    4.756828460010884,
    5.7429110703676285,
    7.22109189098559,
    6.871566675357256,
    7.742607620176543,
    9.717862787041229,
    6.727171322029715,
    3.827170367691972,
    5.656854249492379,
    11.313708498984754,
    10.597404514248414,
    11.31370849898476,
    5.778275784484803,
    3.7941979290586487,
    2.889137892242401
  ],
  "per_position_summary": {
    "used_tokens_min": 3,
    "used_tokens_mean": 9.46938775510204,
    "used_tokens_max": 15,
    "ppl_min": 1.8256278800579229,
    "ppl_mean": 8.05254191524859,
    "ppl_max": 14.672064691274741
  },
  "run_id": "generation_riemannian_refined_seed123_temp0p90_tp0p90_cs1p15",
  "metric_tag": "riemannian",
  "sampler_tag": "refined",
  "seed": 123,
  "user_tag": "generation",
  "temperature": 0.9,
  "top_p": 0.9,
  "codebook_scale": 1.15
}