{
  "N_sequences": 16,
  "seq_len": 49,
  "vocab_size": 128,
  "used_tokens": 74,
  "unused_tokens": 54,
  "pct_unused": 0.421875,
  "token_utilization": 57.8125,
  "entropy_nats": 3.9161015265030104,
  "entropy_bits": 5.649740251903593,
  "perplexity": 50.20434247803645,
  "effective_vocab_ratio": 0.3922214256096598,
  "token_counts": [
    2.0,
    0.0,
    0.0,
    0.0,
    25.0,
    31.0,
    2.0,
    24.0,
    30.0,
    0.0,
    0.0,
    12.0,
    26.0,
    12.0,
    0.0,
    7.0,
    1.0,
    12.0,
    0.0,
    2.0,
    4.0,
    1.0,
    0.0,
    2.0,
    0.0,
    8.0,
    0.0,
    1.0,
    0.0,
    8.0,
    0.0,
    10.0,
    22.0,
    5.0,
    0.0,
    11.0,
    2.0,
    1.0,
    20.0,
    0.0,
    1.0,
    23.0,
    0.0,
    0.0,
    0.0,
    0.0,
    0.0,
    0.0,
    0.0,
    0.0,
    38.0,
    0.0,
    0.0,
    5.0,
    0.0,
    1.0,
    0.0,
    1.0,
    10.0,
    22.0,
    21.0,
    0.0,
    1.0,
    19.0,
    14.0,
    4.0,
    19.0,
    0.0,
    0.0,
    4.0,
    0.0,
    11.0,
    0.0,
    3.0,
    0.0,
    31.0,
    11.0,
    3.0,
    0.0,
    32.0,
    20.0,
    19.0,
    8.0,
    0.0,
    2.0,
    0.0,
    9.0,
    5.0,
    0.0,
    20.0,
    0.0,
    1.0,
    0.0,
    0.0,
    0.0,
    7.0,
    1.0,
    0.0,
    0.0,
    0.0,
    0.0,
    0.0,
    0.0,
    6.0,
    4.0,
    0.0,
    0.0,
    13.0,
    1.0,
    0.0,
    24.0,
    0.0,
    2.0,
    3.0,
    14.0,
    0.0,
    6.0,
    0.0,
    3.0,
    9.0,
    20.0,
    0.0,
    0.0,
    8.0,
    6.0,
    1.0,
    10.0,
    7.0
  ],
  "per_position_used_tokens": [
    2,
    4,
    13,
    13,
    15,
    11,
    6,
    3,
    6,
    8,
    12,
    12,
    14,
    8,
    5,
    7,
    13,
    6,
    9,
    14,
    11,
    9,
    10,
    10,
    9,
    11,
    11,
    10,
    10,
    13,
    10,
    10,
    10,
    11,
    5,
    8,
    12,
    9,
    12,
    12,
    7,
    4,
    5,
    9,
    13,
    9,
    9,
    6,
    4
  ],
  "per_position_perplexity": [
    1.6202453123826384,
    3.137025965011511,
    12.337686603263522,
    12.337686603263522,
    14.672064691274741,
    9.513656920021766,
    4.9204659525782,
    2.1759429958945717,
    5.128221559132068,
    6.871566675357256,
    10.94970070458694,
    10.94970070458694,
    13.454342644059432,
    6.0985175654302015,
    4.531650292231521,
    4.829193332193013,
    12.337686603263522,
    4.0,
    7.999999999999998,
    13.454342644059432,
    9.513656920021766,
    7.999999999999998,
    9.20756407058823,
    8.136438710788363,
    7.742607620176543,
    9.717862787041229,
    9.20756407058823,
    8.911319467025024,
    8.136438710788363,
    11.940733288722276,
    8.136438710788363,
    8.724061861322058,
    8.724061861322058,
    10.374716437208074,
    3.827170367691972,
    5.187358218604038,
    10.94970070458694,
    8.724061861322058,
    10.94970070458694,
    10.94970070458694,
    6.098517565430202,
    3.9373282727030876,
    3.8713038100882717,
    7.336032345637369,
    11.940733288722276,
    7.999999999999998,
    7.908798803583861,
    4.70259990417347,
    3.361253198789595
  ],
  "per_position_summary": {
    "used_tokens_min": 2,
    "used_tokens_mean": 9.183673469387756,
    "used_tokens_max": 15,
    "ppl_min": 1.6202453123826384,
    "ppl_mean": 8.072192286438334,
    "ppl_max": 14.672064691274741
  },
  "run_id": "generation_riemannian_refined_seed123_temp0p90_tp0p85_cs1p15",
  "metric_tag": "riemannian",
  "sampler_tag": "refined",
  "seed": 123,
  "user_tag": "generation",
  "temperature": 0.9,
  "top_p": 0.85,
  "codebook_scale": 1.15
}