{
  "N_sequences": 16,
  "seq_len": 49,
  "vocab_size": 128,
  "used_tokens": 69,
  "unused_tokens": 59,
  "pct_unused": 0.4609375,
  "token_utilization": 53.90625,
  "entropy_nats": 3.8073975226815553,
  "entropy_bits": 5.492913524665605,
  "perplexity": 45.0330886401356,
  "effective_vocab_ratio": 0.3518210050010594,
  "per_position_used_tokens": [
    3,
    7,
    9,
    13,
    13,
    12,
    7,
    5,
    8,
    12,
    15,
    13,
    8,
    7,
    7,
    13,
    11,
    7,
    13,
    10,
    10,
    11,
    12,
    12,
    12,
    11,
    13,
    8,
    9,
    10,
    12,
    8,
    10,
    12,
    8,
    6,
    11,
    14,
    9,
    11,
    9,
    6,
    7,
    8,
    10,
    13,
    11,
    8,
    5
  ],
  "per_position_perplexity": [
    1.589490554357095,
    5.65685424949238,
    7.493496595001984,
    11.940733288722281,
    12.337686603263522,
    10.374716437208074,
    5.568223042771739,
    3.4695215263554946,
    6.0985175654302015,
    11.313708498984754,
    14.672064691274734,
    12.337686603263522,
    7.100002492649186,
    5.412436239502412,
    5.568223042771737,
    12.337686603263522,
    9.513656920021766,
    4.603782035294115,
    11.940733288722276,
    8.724061861322058,
    8.443373480795469,
    9.513656920021766,
    10.94970070458694,
    10.94970070458694,
    10.374716437208074,
    9.20756407058823,
    12.337686603263522,
    5.187358218604038,
    7.4611471950799295,
    8.724061861322058,
    10.94970070458694,
    6.0985175654302015,
    8.911319467025024,
    10.374716437208074,
    6.301254424453084,
    4.531650292231522,
    10.040919817987259,
    13.021461985045097,
    7.742607620176543,
    9.717862787041229,
    7.908798803583861,
    4.531650292231522,
    5.5923652650542035,
    6.727171322029715,
    8.443373480795465,
    11.940733288722281,
    10.040919817987259,
    6.621770460386251,
    4.436424665235825
  ],
  "per_position_summary": {
    "used_tokens_min": 3,
    "used_tokens_mean": 9.775510204081632,
    "used_tokens_max": 15,
    "ppl_min": 1.589490554357095,
    "ppl_mean": 8.472152384345739,
    "ppl_max": 14.672064691274734
  }
}