{
  "N_sequences": 60000,
  "seq_len": 49,
  "vocab_size": 128,
  "used_tokens": 128,
  "unused_tokens": 0,
  "pct_unused": 0.0,
  "token_utilization": 100.0,
  "entropy_nats": 3.8748043165298376,
  "entropy_bits": 5.590160971872746,
  "perplexity": 48.17327065594169,
  "effective_vocab_ratio": 0.3763536769995445,
  "per_position_used_tokens": [
    25,
    87,
    112,
    117,
    115,
    100,
    58,
    103,
    114,
    120,
    121,
    122,
    120,
    107,
    106,
    116,
    123,
    125,
    127,
    115,
    96,
    97,
    121,
    124,
    127,
    128,
    121,
    106,
    110,
    119,
    125,
    124,
    122,
    119,
    101,
    99,
    117,
    121,
    125,
    120,
    100,
    83,
    74,
    96,
    107,
    112,
    101,
    87,
    53
  ],
  "per_position_perplexity": [
    1.8667604858038207,
    8.455085985856705,
    21.860127929118914,
    39.676102909894574,
    40.70894577136935,
    35.17135570030275,
    11.142335058207308,
    6.383545578200536,
    11.427245471514318,
    35.889665848682924,
    38.80225510747916,
    35.207961661031746,
    32.79773631427204,
    17.23932120076317,
    16.880447030780676,
    27.348201824740684,
    29.599659961374762,
    15.70948739437388,
    20.330280326223477,
    26.735389569588765,
    22.02100891846189,
    24.189385391007782,
    33.55518783746315,
    24.624305788649142,
    31.62809396763039,
    19.663953972994577,
    32.49612171947153,
    20.62351436448302,
    28.853248952281543,
    33.74694099246368,
    22.83910943328647,
    19.37071321803727,
    23.893130643326142,
    27.853129005783657,
    17.867540752711836,
    23.407834814679628,
    28.42129665302244,
    26.320280223816724,
    20.372532991026514,
    21.130323735802776,
    18.76294454983074,
    10.163149352882437,
    16.000181871115668,
    16.407642820486817,
    33.21873293207474,
    29.38556848239219,
    27.623267305917512,
    10.488222025897874,
    5.549545363682199
  ],
  "per_position_summary": {
    "used_tokens_min": 25,
    "used_tokens_mean": 107.51020408163265,
    "used_tokens_max": 128,
    "ppl_min": 1.8667604858038207,
    "ppl_mean": 23.340996310413466,
    "ppl_max": 40.70894577136935
  }
}