{
  "N_sequences": 16,
  "seq_len": 49,
  "vocab_size": 128,
  "used_tokens": 69,
  "unused_tokens": 59,
  "pct_unused": 0.4609375,
  "token_utilization": 53.90625,
  "entropy_nats": 3.90016106633882,
  "entropy_bits": 5.626743029075227,
  "perplexity": 49.410406817978945,
  "effective_vocab_ratio": 0.3860188032654605,
  "token_counts": [
    1.0,
    0.0,
    0.0,
    0.0,
    20.0,
    20.0,
    3.0,
    15.0,
    28.0,
    0.0,
    0.0,
    16.0,
    14.0,
    10.0,
    0.0,
    5.0,
    0.0,
    15.0,
    0.0,
    8.0,
    6.0,
    1.0,
    0.0,
    5.0,
    0.0,
    5.0,
    0.0,
    0.0,
    0.0,
    13.0,
    0.0,
    8.0,
    30.0,
    5.0,
    0.0,
    11.0,
    1.0,
    1.0,
    18.0,
    1.0,
    0.0,
    19.0,
    0.0,
    1.0,
    0.0,
    0.0,
    2.0,
    0.0,
    0.0,
    0.0,
    31.0,
    0.0,
    0.0,
    1.0,
    0.0,
    0.0,
    0.0,
    4.0,
    16.0,
    25.0,
    14.0,
    0.0,
    0.0,
    18.0,
    21.0,
    3.0,
    14.0,
    0.0,
    0.0,
    2.0,
    0.0,
    11.0,
    0.0,
    3.0,
    1.0,
    30.0,
    7.0,
    3.0,
    0.0,
    41.0,
    19.0,
    25.0,
    3.0,
    0.0,
    4.0,
    0.0,
    9.0,
    4.0,
    0.0,
    22.0,
    0.0,
    2.0,
    0.0,
    0.0,
    0.0,
    9.0,
    0.0,
    0.0,
    0.0,
    0.0,
    0.0,
    0.0,
    0.0,
    10.0,
    5.0,
    0.0,
    0.0,
    16.0,
    0.0,
    0.0,
    31.0,
    0.0,
    0.0,
    4.0,
    15.0,
    0.0,
    4.0,
    0.0,
    2.0,
    8.0,
    22.0,
    0.0,
    0.0,
    11.0,
    5.0,
    0.0,
    18.0,
    9.0
  ],
  "per_position_used_tokens": [
    2,
    2,
    8,
    14,
    14,
    12,
    5,
    3,
    5,
    9,
    11,
    6,
    12,
    11,
    8,
    8,
    12,
    7,
    10,
    9,
    9,
    9,
    10,
    8,
    9,
    6,
    11,
    8,
    8,
    11,
    12,
    9,
    10,
    10,
    7,
    9,
    12,
    10,
    9,
    13,
    7,
    6,
    6,
    11,
    15,
    11,
    8,
    6,
    4
  ],
  "per_position_perplexity": [
    1.6202453123826384,
    1.9843952490181156,
    7.252400479778668,
    13.021461985045098,
    13.454342644059432,
    10.374716437208074,
    4.021841046332278,
    2.01963929931604,
    4.3123031257009705,
    7.742607620176543,
    10.040919817987259,
    4.963225915211198,
    11.313708498984754,
    9.513656920021766,
    6.871566675357256,
    6.727171322029715,
    10.949700704586935,
    5.0968353643340985,
    9.20756407058823,
    8.17171598155044,
    7.999999999999998,
    7.742607620176543,
    8.911319467025024,
    6.408721303205816,
    6.871566675357254,
    4.523442973924328,
    9.513656920021766,
    6.621770460386251,
    6.871566675357256,
    10.374716437208074,
    10.374716437208074,
    7.493496595001984,
    8.724061861322058,
    9.20756407058823,
    5.568223042771739,
    6.871566675357256,
    10.94970070458694,
    8.911319467025024,
    8.443373480795467,
    12.337686603263522,
    5.753330987107181,
    4.531650292231521,
    5.106083043687101,
    9.513656920021766,
    14.672064691274741,
    9.513656920021766,
    7.252400479778668,
    4.0,
    3.0792014356780038
  ],
  "per_position_summary": {
    "used_tokens_min": 2,
    "used_tokens_mean": 8.816326530612244,
    "used_tokens_max": 15,
    "ppl_min": 1.6202453123826384,
    "ppl_mean": 7.689860014490875,
    "ppl_max": 14.672064691274741
  },
  "run_id": "generation_riemannian_refined_seed123_temp0p70_tp0p85_cs1p15",
  "metric_tag": "riemannian",
  "sampler_tag": "refined",
  "seed": 123,
  "user_tag": "generation",
  "temperature": 0.7,
  "top_p": 0.85,
  "codebook_scale": 1.15
}