{
  "N_sequences": 60000,
  "seq_len": 49,
  "n_codes": 128,
  "start_token": 128,
  "batch_size": 256,
  "avg_nll": 1.3596376121520997,
  "perplexity": 3.8947816244923725,
  "batch_loss_mean": 1.3596135930812105,
  "batch_loss_std": 0.02193808263252458
}