{
  "N_sequences": 60000,
  "seq_len": 49,
  "n_codes": 128,
  "start_token": 128,
  "batch_size": 256,
  "avg_nll": 1.6931415784200032,
  "perplexity": 5.436533200612991,
  "batch_loss_mean": 1.693235256316814,
  "batch_loss_std": 0.03148661578763449
}