{
  "N_sequences": 16,
  "seq_len": 49,
  "vocab_size": 128,
  "used_tokens": 7,
  "unused_tokens": 121,
  "pct_unused": 0.9453125,
  "token_utilization": 5.46875,
  "entropy_nats": 1.9174367259139147,
  "entropy_bits": 2.7662764556943755,
  "perplexity": 6.803496872194589,
  "effective_vocab_ratio": 0.05315231931402023,
  "token_counts": [
    0.0,
    0.0,
    0.0,
    0.0,
    0.0,
    0.0,
    0.0,
    0.0,
    113.0,
    0.0,
    0.0,
    0.0,
    0.0,
    0.0,
    0.0,
    0.0,
    0.0,
    75.0,
    0.0,
    0.0,
    0.0,
    0.0,
    0.0,
    0.0,
    0.0,
    0.0,
    0.0,
    0.0,
    0.0,
    76.0,
    0.0,
    0.0,
    0.0,
    0.0,
    0.0,
    0.0,
    0.0,
    0.0,
    0.0,
    0.0,
    0.0,
    0.0,
    0.0,
    0.0,
    0.0,
    0.0,
    0.0,
    0.0,
    0.0,
    0.0,
    150.0,
    0.0,
    0.0,
    0.0,
    0.0,
    0.0,
    0.0,
    0.0,
    0.0,
    0.0,
    0.0,
    0.0,
    0.0,
    0.0,
    0.0,
    0.0,
    0.0,
    0.0,
    0.0,
    0.0,
    0.0,
    0.0,
    0.0,
    0.0,
    0.0,
    0.0,
    0.0,
    0.0,
    0.0,
    0.0,
    0.0,
    0.0,
    0.0,
    0.0,
    0.0,
    0.0,
    0.0,
    0.0,
    0.0,
    0.0,
    0.0,
    0.0,
    0.0,
    0.0,
    0.0,
    0.0,
    0.0,
    0.0,
    0.0,
    0.0,
    0.0,
    124.0,
    0.0,
    136.0,
    0.0,
    0.0,
    0.0,
    0.0,
    0.0,
    0.0,
    0.0,
    0.0,
    0.0,
    0.0,
    0.0,
    0.0,
    0.0,
    0.0,
    0.0,
    0.0,
    0.0,
    110.0,
    0.0,
    0.0,
    0.0,
    0.0,
    0.0,
    0.0
  ],
  "per_position_used_tokens": [
    3,
    4,
    6,
    4,
    5,
    4,
    4,
    4,
    4,
    5,
    6,
    4,
    4,
    4,
    4,
    6,
    4,
    7,
    4,
    4,
    3,
    4,
    7,
    7,
    5,
    6,
    4,
    4,
    4,
    7,
    6,
    6,
    6,
    6,
    4,
    2,
    5,
    5,
    6,
    6,
    4,
    4,
    2,
    6,
    7,
    5,
    6,
    4,
    1
  ],
  "per_position_perplexity": [
    2.1759429958945717,
    3.014496776569347,
    4.702599904173469,
    3.2553654962612746,
    3.190527437308485,
    2.831594094719484,
    3.4943800688212554,
    2.504391818580872,
    3.0792014356780046,
    4.782801987708333,
    4.963225915211198,
    3.198557201172535,
    3.0792014356780046,
    3.9373282727030876,
    3.6880445006132034,
    5.2156825514027005,
    3.396614893800763,
    6.0721902853474505,
    3.181565267653631,
    3.9373282727030876,
    2.578111495150432,
    3.4147553528545385,
    5.876823346811645,
    6.301254424453085,
    3.4695215263554946,
    4.36203093066103,
    3.47299345510468,
    2.6829030848013256,
    3.2553654962612746,
    5.778275784484803,
    5.106083043687101,
    4.531650292231521,
    4.36203093066103,
    5.298702257124208,
    2.5876468925581615,
    2.0,
    4.366915066037586,
    4.31230312570097,
    4.36203093066103,
    5.298702257124208,
    3.827170367691972,
    2.5876468925581615,
    1.9378192408783848,
    4.858931393520616,
    5.568223042771739,
    3.668016172818685,
    4.673818636642921,
    3.361253198789595,
    1.0
  ],
  "per_position_summary": {
    "used_tokens_min": 1,
    "used_tokens_mean": 4.73469387755102,
    "used_tokens_max": 7,
    "ppl_min": 1.0,
    "ppl_mean": 3.849020801028509,
    "ppl_max": 6.301254424453085
  },
  "run_id": "generation_vqvae_bc1p00_vw1p00_K128_refined_seed123_temp0p80_tp0p95_cs1p15",
  "metric_tag": "vqvae_bc1p00_vw1p00_K128",
  "sampler_tag": "refined",
  "seed": 123,
  "user_tag": "generation",
  "temperature": 0.8,
  "top_p": 0.95,
  "codebook_scale": 1.15
}