{
  "N_sequences": 16,
  "seq_len": 49,
  "vocab_size": 128,
  "used_tokens": 7,
  "unused_tokens": 121,
  "pct_unused": 0.9453125,
  "token_utilization": 5.46875,
  "entropy_nats": 1.9248143568630742,
  "entropy_bits": 2.776920127278237,
  "perplexity": 6.853876172715216,
  "effective_vocab_ratio": 0.053545907599337625,
  "token_counts": [
    0.0,
    0.0,
    0.0,
    0.0,
    0.0,
    0.0,
    0.0,
    0.0,
    123.0,
    0.0,
    0.0,
    0.0,
    0.0,
    0.0,
    0.0,
    0.0,
    0.0,
    79.0,
    0.0,
    0.0,
    0.0,
    0.0,
    0.0,
    0.0,
    0.0,
    0.0,
    0.0,
    0.0,
    0.0,
    81.0,
    0.0,
    0.0,
    0.0,
    0.0,
    0.0,
    0.0,
    0.0,
    0.0,
    0.0,
    0.0,
    0.0,
    0.0,
    0.0,
    0.0,
    0.0,
    0.0,
    0.0,
    0.0,
    0.0,
    0.0,
    141.0,
    0.0,
    0.0,
    0.0,
    0.0,
    0.0,
    0.0,
    0.0,
    0.0,
    0.0,
    0.0,
    0.0,
    0.0,
    0.0,
    0.0,
    0.0,
    0.0,
    0.0,
    0.0,
    0.0,
    0.0,
    0.0,
    0.0,
    0.0,
    0.0,
    0.0,
    0.0,
    0.0,
    0.0,
    0.0,
    0.0,
    0.0,
    0.0,
    0.0,
    0.0,
    0.0,
    0.0,
    0.0,
    0.0,
    0.0,
    0.0,
    0.0,
    0.0,
    0.0,
    0.0,
    0.0,
    0.0,
    0.0,
    0.0,
    0.0,
    0.0,
    121.0,
    0.0,
    133.0,
    0.0,
    0.0,
    0.0,
    0.0,
    0.0,
    0.0,
    0.0,
    0.0,
    0.0,
    0.0,
    0.0,
    0.0,
    0.0,
    0.0,
    0.0,
    0.0,
    0.0,
    106.0,
    0.0,
    0.0,
    0.0,
    0.0,
    0.0,
    0.0
  ],
  "per_position_used_tokens": [
    3,
    4,
    5,
    4,
    5,
    4,
    4,
    4,
    4,
    5,
    6,
    4,
    4,
    4,
    4,
    6,
    4,
    6,
    5,
    4,
    5,
    3,
    6,
    7,
    5,
    6,
    5,
    4,
    4,
    4,
    6,
    6,
    6,
    5,
    4,
    3,
    5,
    6,
    6,
    5,
    6,
    5,
    2,
    6,
    6,
    5,
    5,
    4,
    3
  ],
  "per_position_perplexity": [
    2.1759429958945717,
    2.831594094719484,
    4.021841046332278,
    3.363585661014858,
    2.8218489457419005,
    2.831594094719484,
    3.4943800688212554,
    2.504391818580872,
    3.0792014356780046,
    4.782801987708333,
    5.106083043687101,
    3.1370259650115107,
    3.0792014356780038,
    3.9373282727030867,
    3.7941979290586487,
    5.298702257124208,
    3.47299345510468,
    4.829193332193013,
    3.4695215263554955,
    3.9373282727030876,
    4.060851361608244,
    2.920427746597138,
    5.474850352293471,
    6.098517565430203,
    4.060851361608244,
    5.128221559132067,
    4.021841046332278,
    3.363585661014858,
    3.604006848712048,
    3.7941979290586487,
    5.474850352293471,
    3.9093186572230967,
    4.221686740397734,
    4.155541640365935,
    2.504391818580872,
    2.649351128562104,
    4.531650292231522,
    5.106083043687101,
    4.963225915211197,
    4.366915066037587,
    4.9204659525782,
    3.190527437308485,
    1.9843952490181158,
    5.474850352293471,
    4.702599904173469,
    4.455659733512513,
    4.682298795999885,
    3.6880445006132034,
    1.589490554357095
  ],
  "per_position_summary": {
    "used_tokens_min": 2,
    "used_tokens_mean": 4.73469387755102,
    "used_tokens_max": 7,
    "ppl_min": 1.589490554357095,
    "ppl_mean": 3.899335840919635,
    "ppl_max": 6.098517565430203
  },
  "run_id": "generation_vqvae_bc1p00_vw1p00_K128_refined_seed123_temp0p90_tp0p95_cs1p15",
  "metric_tag": "vqvae_bc1p00_vw1p00_K128",
  "sampler_tag": "refined",
  "seed": 123,
  "user_tag": "generation",
  "temperature": 0.9,
  "top_p": 0.95,
  "codebook_scale": 1.15
}