{
  "N_sequences": 16,
  "seq_len": 49,
  "vocab_size": 128,
  "used_tokens": 7,
  "unused_tokens": 121,
  "pct_unused": 0.9453125,
  "token_utilization": 5.46875,
  "entropy_nats": 1.9068608314753237,
  "entropy_bits": 2.751018665234855,
  "perplexity": 6.731922953688908,
  "effective_vocab_ratio": 0.052593148075694596,
  "token_counts": [
    0.0,
    0.0,
    0.0,
    0.0,
    0.0,
    0.0,
    0.0,
    0.0,
    113.0,
    0.0,
    0.0,
    0.0,
    0.0,
    0.0,
    0.0,
    0.0,
    0.0,
    62.0,
    0.0,
    0.0,
    0.0,
    0.0,
    0.0,
    0.0,
    0.0,
    0.0,
    0.0,
    0.0,
    0.0,
    79.0,
    0.0,
    0.0,
    0.0,
    0.0,
    0.0,
    0.0,
    0.0,
    0.0,
    0.0,
    0.0,
    0.0,
    0.0,
    0.0,
    0.0,
    0.0,
    0.0,
    0.0,
    0.0,
    0.0,
    0.0,
    141.0,
    0.0,
    0.0,
    0.0,
    0.0,
    0.0,
    0.0,
    0.0,
    0.0,
    0.0,
    0.0,
    0.0,
    0.0,
    0.0,
    0.0,
    0.0,
    0.0,
    0.0,
    0.0,
    0.0,
    0.0,
    0.0,
    0.0,
    0.0,
    0.0,
    0.0,
    0.0,
    0.0,
    0.0,
    0.0,
    0.0,
    0.0,
    0.0,
    0.0,
    0.0,
    0.0,
    0.0,
    0.0,
    0.0,
    0.0,
    0.0,
    0.0,
    0.0,
    0.0,
    0.0,
    0.0,
    0.0,
    0.0,
    0.0,
    0.0,
    0.0,
    121.0,
    0.0,
    157.0,
    0.0,
    0.0,
    0.0,
    0.0,
    0.0,
    0.0,
    0.0,
    0.0,
    0.0,
    0.0,
    0.0,
    0.0,
    0.0,
    0.0,
    0.0,
    0.0,
    0.0,
    111.0,
    0.0,
    0.0,
    0.0,
    0.0,
    0.0,
    0.0
  ],
  "per_position_used_tokens": [
    2,
    4,
    6,
    4,
    3,
    3,
    4,
    3,
    3,
    5,
    5,
    3,
    3,
    4,
    4,
    5,
    5,
    6,
    4,
    5,
    4,
    4,
    6,
    6,
    5,
    6,
    3,
    4,
    3,
    5,
    6,
    4,
    5,
    5,
    2,
    3,
    5,
    6,
    7,
    6,
    5,
    2,
    2,
    5,
    7,
    6,
    5,
    6,
    2
  ],
  "per_position_perplexity": [
    1.7547653506033232,
    3.014496776569347,
    4.221686740397734,
    3.2553654962612746,
    2.01963929931604,
    2.0867794400977164,
    2.8891378922424016,
    1.825627880057923,
    2.513040641334882,
    4.858931393520616,
    4.782801987708333,
    2.649351128562104,
    2.0867794400977164,
    3.4943800688212554,
    3.47299345510468,
    4.31230312570097,
    4.155541640365935,
    5.5923652650542035,
    2.8315940947194833,
    4.085857990775222,
    2.831594094719484,
    3.414755352854538,
    4.963225915211197,
    5.778275784484803,
    3.7467482975009925,
    4.67381863664292,
    2.920427746597138,
    2.5876468925581615,
    2.578111495150432,
    3.8713038100882717,
    5.106083043687101,
    3.0792014356780038,
    3.4695215263554946,
    3.4695215263554946,
    1.4575692649810905,
    2.175942995894572,
    4.366915066037587,
    5.106083043687101,
    6.43650768551484,
    5.389070770225884,
    4.531650292231522,
    1.2633812503027273,
    1.6202453123826384,
    4.366915066037587,
    5.568223042771739,
    4.4283898110380315,
    4.858931393520616,
    4.531650292231521,
    1.2633812503027273
  ],
  "per_position_summary": {
    "used_tokens_min": 2,
    "used_tokens_mean": 4.408163265306122,
    "used_tokens_max": 7,
    "ppl_min": 1.2633812503027273,
    "ppl_mean": 3.586908800048069,
    "ppl_max": 6.43650768551484
  },
  "run_id": "generation_vqvae_bc1p00_vw1p00_K128_refined_seed123_temp0p70_tp0p95_cs1p15",
  "metric_tag": "vqvae_bc1p00_vw1p00_K128",
  "sampler_tag": "refined",
  "seed": 123,
  "user_tag": "generation",
  "temperature": 0.7,
  "top_p": 0.95,
  "codebook_scale": 1.15
}