{
  "N_sequences": 16,
  "seq_len": 49,
  "vocab_size": 128,
  "used_tokens": 7,
  "unused_tokens": 121,
  "pct_unused": 0.9453125,
  "token_utilization": 5.46875,
  "entropy_nats": 1.9133072743820825,
  "entropy_bits": 2.76031891644781,
  "perplexity": 6.775460089722174,
  "effective_vocab_ratio": 0.05293328195095449,
  "token_counts": [
    0.0,
    0.0,
    0.0,
    0.0,
    0.0,
    0.0,
    0.0,
    0.0,
    115.0,
    0.0,
    0.0,
    0.0,
    0.0,
    0.0,
    0.0,
    0.0,
    0.0,
    63.0,
    0.0,
    0.0,
    0.0,
    0.0,
    0.0,
    0.0,
    0.0,
    0.0,
    0.0,
    0.0,
    0.0,
    88.0,
    0.0,
    0.0,
    0.0,
    0.0,
    0.0,
    0.0,
    0.0,
    0.0,
    0.0,
    0.0,
    0.0,
    0.0,
    0.0,
    0.0,
    0.0,
    0.0,
    0.0,
    0.0,
    0.0,
    0.0,
    146.0,
    0.0,
    0.0,
    0.0,
    0.0,
    0.0,
    0.0,
    0.0,
    0.0,
    0.0,
    0.0,
    0.0,
    0.0,
    0.0,
    0.0,
    0.0,
    0.0,
    0.0,
    0.0,
    0.0,
    0.0,
    0.0,
    0.0,
    0.0,
    0.0,
    0.0,
    0.0,
    0.0,
    0.0,
    0.0,
    0.0,
    0.0,
    0.0,
    0.0,
    0.0,
    0.0,
    0.0,
    0.0,
    0.0,
    0.0,
    0.0,
    0.0,
    0.0,
    0.0,
    0.0,
    0.0,
    0.0,
    0.0,
    0.0,
    0.0,
    0.0,
    114.0,
    0.0,
    148.0,
    0.0,
    0.0,
    0.0,
    0.0,
    0.0,
    0.0,
    0.0,
    0.0,
    0.0,
    0.0,
    0.0,
    0.0,
    0.0,
    0.0,
    0.0,
    0.0,
    0.0,
    110.0,
    0.0,
    0.0,
    0.0,
    0.0,
    0.0,
    0.0
  ],
  "per_position_used_tokens": [
    2,
    4,
    5,
    4,
    2,
    3,
    3,
    2,
    4,
    5,
    5,
    3,
    4,
    4,
    4,
    5,
    5,
    5,
    5,
    5,
    5,
    3,
    7,
    6,
    4,
    6,
    4,
    4,
    4,
    5,
    5,
    4,
    6,
    6,
    4,
    3,
    5,
    5,
    6,
    5,
    5,
    2,
    4,
    6,
    7,
    6,
    6,
    6,
    2
  ],
  "per_position_perplexity": [
    1.7547653506033232,
    2.831594094719484,
    3.4695215263554955,
    3.014496776569348,
    1.6202453123826384,
    2.296537423407359,
    2.673193818477041,
    1.4575692649810905,
    2.831594094719484,
    4.682298795999885,
    4.551298231586873,
    2.414596666096506,
    2.2756491157934366,
    3.6880445006132034,
    3.363585661014858,
    4.531650292231521,
    3.4695215263554955,
    4.531650292231522,
    3.2873320449433665,
    4.060851361608244,
    3.087875256060877,
    2.8387205126507515,
    5.298702257124208,
    5.474850352293471,
    3.2553654962612746,
    4.837955402826544,
    3.361253198789595,
    2.5876468925581615,
    3.1370259650115107,
    4.148015496294371,
    4.531650292231522,
    3.2553654962612746,
    3.479294841665571,
    4.67381863664292,
    2.831594094719484,
    2.1759429958945717,
    4.3123031257009705,
    4.682298795999885,
    5.106083043687101,
    4.551298231586873,
    4.285910587006902,
    1.4575692649810905,
    2.2756491157934366,
    4.762154647406402,
    5.753330987107183,
    4.221686740397734,
    4.963225915211198,
    5.106083043687101,
    1.2633812503027273
  ],
  "per_position_summary": {
    "used_tokens_min": 2,
    "used_tokens_mean": 4.489795918367347,
    "used_tokens_max": 7,
    "ppl_min": 1.2633812503027273,
    "ppl_mean": 3.5616744507519362,
    "ppl_max": 5.753330987107183
  },
  "run_id": "generation_vqvae_bc1p00_vw1p00_K128_refined_seed123_temp0p70_tp0p90_cs1p15",
  "metric_tag": "vqvae_bc1p00_vw1p00_K128",
  "sampler_tag": "refined",
  "seed": 123,
  "user_tag": "generation",
  "temperature": 0.7,
  "top_p": 0.9,
  "codebook_scale": 1.15
}