{
  "N_sequences": 60000,
  "seq_len": 49,
  "vocab_size": 128,
  "used_tokens": 8,
  "unused_tokens": 120,
  "pct_unused": 0.9375,
  "token_utilization": 6.25,
  "entropy_nats": 1.914780241493875,
  "entropy_bits": 2.7624439587953855,
  "perplexity": 6.785447473339653,
  "effective_vocab_ratio": 0.05301130838546604,
  "token_counts": [
    0.0,
    0.0,
    0.0,
    0.0,
    0.0,
    0.0,
    0.0,
    0.0,
    421066.0,
    0.0,
    0.0,
    0.0,
    0.0,
    0.0,
    0.0,
    0.0,
    0.0,
    261449.0,
    0.0,
    0.0,
    0.0,
    0.0,
    0.0,
    0.0,
    0.0,
    0.0,
    0.0,
    0.0,
    0.0,
    293639.0,
    0.0,
    0.0,
    0.0,
    0.0,
    0.0,
    0.0,
    0.0,
    0.0,
    0.0,
    0.0,
    0.0,
    0.0,
    0.0,
    0.0,
    0.0,
    0.0,
    0.0,
    0.0,
    0.0,
    0.0,
    517083.0,
    0.0,
    0.0,
    0.0,
    0.0,
    0.0,
    0.0,
    0.0,
    0.0,
    0.0,
    0.0,
    0.0,
    0.0,
    5.0,
    0.0,
    0.0,
    0.0,
    0.0,
    0.0,
    0.0,
    0.0,
    0.0,
    0.0,
    0.0,
    0.0,
    0.0,
    0.0,
    0.0,
    0.0,
    0.0,
    0.0,
    0.0,
    0.0,
    0.0,
    0.0,
    0.0,
    0.0,
    0.0,
    0.0,
    0.0,
    0.0,
    0.0,
    0.0,
    0.0,
    0.0,
    0.0,
    0.0,
    0.0,
    0.0,
    0.0,
    0.0,
    466102.0,
    0.0,
    565727.0,
    0.0,
    0.0,
    0.0,
    0.0,
    0.0,
    0.0,
    0.0,
    0.0,
    0.0,
    0.0,
    0.0,
    0.0,
    0.0,
    0.0,
    0.0,
    0.0,
    0.0,
    414929.0,
    0.0,
    0.0,
    0.0,
    0.0,
    0.0,
    0.0
  ],
  "per_position_used_tokens": [
    7,
    7,
    7,
    7,
    7,
    7,
    6,
    7,
    7,
    7,
    7,
    8,
    7,
    7,
    7,
    7,
    7,
    7,
    7,
    7,
    7,
    7,
    7,
    7,
    7,
    7,
    7,
    7,
    7,
    7,
    7,
    7,
    7,
    7,
    7,
    8,
    7,
    7,
    7,
    7,
    7,
    7,
    7,
    7,
    7,
    7,
    7,
    7,
    7
  ],
  "per_position_perplexity": [
    3.770083917399902,
    5.1251521424943745,
    5.674466022200997,
    5.0448107654393795,
    4.560621169144034,
    5.445747441796604,
    4.7364678039180435,
    2.3081842499468994,
    4.575937429679479,
    5.6655010089905495,
    5.6146524723827556,
    6.068530008269613,
    5.764057310998847,
    3.9089619952078407,
    4.119138058689862,
    6.325315022927367,
    5.4331695791238115,
    6.0469500619378325,
    5.790363594044854,
    5.982744937806674,
    4.767671260232162,
    4.187806811798445,
    6.652866711451781,
    5.963293407589209,
    5.437745675115724,
    5.6580106242677815,
    5.885389603171096,
    4.763328321744931,
    4.320155134981586,
    6.760430309319405,
    6.190252550945625,
    5.532514384063445,
    6.273900893524533,
    6.039893410946363,
    4.186922058253184,
    4.369792176547318,
    6.837007835151658,
    5.987760650853591,
    5.216068903079637,
    5.8740907388948935,
    5.451919999084766,
    3.4929328160109594,
    3.22888653444376,
    5.773864276402975,
    6.49358059026476,
    6.236921607179213,
    4.9303786141693715,
    4.1619627213539845,
    1.7195586539743655
  ],
  "per_position_summary": {
    "used_tokens_min": 6,
    "used_tokens_mean": 7.020408163265306,
    "used_tokens_max": 8,
    "ppl_min": 1.7195586539743655,
    "ppl_mean": 5.19093392382074,
    "ppl_max": 6.837007835151658
  },
  "run_id": "dataset_vqvae_bc1p00_vw1p00_K128_dataset_seed0",
  "metric_tag": "vqvae_bc1p00_vw1p00_K128",
  "sampler_tag": "dataset",
  "seed": 0,
  "user_tag": "dataset",
  "temperature": null,
  "top_p": null,
  "codebook_scale": null
}