{
  "N_sequences": 16,
  "seq_len": 49,
  "vocab_size": 128,
  "used_tokens": 7,
  "unused_tokens": 121,
  "pct_unused": 0.9453125,
  "token_utilization": 5.46875,
  "entropy_nats": 1.9112080891829615,
  "entropy_bits": 2.7572904323711303,
  "perplexity": 6.761252062042701,
  "effective_vocab_ratio": 0.0528222817347086,
  "token_counts": [
    0.0,
    0.0,
    0.0,
    0.0,
    0.0,
    0.0,
    0.0,
    0.0,
    118.0,
    0.0,
    0.0,
    0.0,
    0.0,
    0.0,
    0.0,
    0.0,
    0.0,
    68.0,
    0.0,
    0.0,
    0.0,
    0.0,
    0.0,
    0.0,
    0.0,
    0.0,
    0.0,
    0.0,
    0.0,
    86.0,
    0.0,
    0.0,
    0.0,
    0.0,
    0.0,
    0.0,
    0.0,
    0.0,
    0.0,
    0.0,
    0.0,
    0.0,
    0.0,
    0.0,
    0.0,
    0.0,
    0.0,
    0.0,
    0.0,
    0.0,
    158.0,
    0.0,
    0.0,
    0.0,
    0.0,
    0.0,
    0.0,
    0.0,
    0.0,
    0.0,
    0.0,
    0.0,
    0.0,
    0.0,
    0.0,
    0.0,
    0.0,
    0.0,
    0.0,
    0.0,
    0.0,
    0.0,
    0.0,
    0.0,
    0.0,
    0.0,
    0.0,
    0.0,
    0.0,
    0.0,
    0.0,
    0.0,
    0.0,
    0.0,
    0.0,
    0.0,
    0.0,
    0.0,
    0.0,
    0.0,
    0.0,
    0.0,
    0.0,
    0.0,
    0.0,
    0.0,
    0.0,
    0.0,
    0.0,
    0.0,
    0.0,
    102.0,
    0.0,
    146.0,
    0.0,
    0.0,
    0.0,
    0.0,
    0.0,
    0.0,
    0.0,
    0.0,
    0.0,
    0.0,
    0.0,
    0.0,
    0.0,
    0.0,
    0.0,
    0.0,
    0.0,
    106.0,
    0.0,
    0.0,
    0.0,
    0.0,
    0.0,
    0.0
  ],
  "per_position_used_tokens": [
    2,
    3,
    5,
    4,
    4,
    3,
    3,
    2,
    3,
    5,
    5,
    3,
    5,
    4,
    3,
    5,
    5,
    5,
    5,
    5,
    3,
    3,
    6,
    6,
    4,
    6,
    4,
    4,
    4,
    5,
    6,
    5,
    6,
    6,
    3,
    3,
    6,
    6,
    6,
    5,
    5,
    3,
    3,
    6,
    5,
    5,
    6,
    5,
    2
  ],
  "per_position_perplexity": [
    1.7547653506033232,
    2.4602329762891006,
    3.668016172818685,
    3.363585661014858,
    1.990861320172447,
    2.578111495150432,
    2.8387205126507515,
    1.4575692649810905,
    2.01963929931604,
    4.531650292231522,
    4.682298795999885,
    2.414596666096506,
    2.8218489457419005,
    3.875638481756769,
    2.5781114951504325,
    4.40486454619757,
    3.668016172818685,
    4.531650292231522,
    3.7467482975009925,
    4.531650292231522,
    2.2945200462853217,
    2.5781114951504325,
    5.106083043687101,
    5.474850352293471,
    3.2553654962612746,
    5.474850352293471,
    3.6880445006132043,
    2.831594094719484,
    3.1370259650115107,
    4.455659733512512,
    5.106083043687101,
    4.31230312570097,
    4.67381863664292,
    4.36203093066103,
    2.6753668284656635,
    2.3743888938571454,
    5.474850352293471,
    5.128221559132067,
    4.221686740397734,
    4.531650292231521,
    4.682298795999885,
    1.8256278800579229,
    2.2945200462853217,
    4.531650292231522,
    4.3123031257009705,
    4.285910587006903,
    4.221686740397734,
    4.060851361608244,
    1.2633812503027273
  ],
  "per_position_summary": {
    "used_tokens_min": 2,
    "used_tokens_mean": 4.408163265306122,
    "used_tokens_max": 6,
    "ppl_min": 1.2633812503027273,
    "ppl_mean": 3.603128814151891,
    "ppl_max": 5.474850352293471
  },
  "run_id": "generation_vqvae_bc1p00_vw1p00_K128_refined_seed123_temp0p80_tp0p85_cs1p15",
  "metric_tag": "vqvae_bc1p00_vw1p00_K128",
  "sampler_tag": "refined",
  "seed": 123,
  "user_tag": "generation",
  "temperature": 0.8,
  "top_p": 0.85,
  "codebook_scale": 1.15
}