{
  "N_sequences": 16,
  "seq_len": 49,
  "vocab_size": 128,
  "used_tokens": 7,
  "unused_tokens": 121,
  "pct_unused": 0.9453125,
  "token_utilization": 5.46875,
  "entropy_nats": 1.9263938088536539,
  "entropy_bits": 2.779198794832368,
  "perplexity": 6.864710094656932,
  "effective_vocab_ratio": 0.05363054761450728,
  "token_counts": [
    0.0,
    0.0,
    0.0,
    0.0,
    0.0,
    0.0,
    0.0,
    0.0,
    114.0,
    0.0,
    0.0,
    0.0,
    0.0,
    0.0,
    0.0,
    0.0,
    0.0,
    69.0,
    0.0,
    0.0,
    0.0,
    0.0,
    0.0,
    0.0,
    0.0,
    0.0,
    0.0,
    0.0,
    0.0,
    94.0,
    0.0,
    0.0,
    0.0,
    0.0,
    0.0,
    0.0,
    0.0,
    0.0,
    0.0,
    0.0,
    0.0,
    0.0,
    0.0,
    0.0,
    0.0,
    0.0,
    0.0,
    0.0,
    0.0,
    0.0,
    127.0,
    0.0,
    0.0,
    0.0,
    0.0,
    0.0,
    0.0,
    0.0,
    0.0,
    0.0,
    0.0,
    0.0,
    0.0,
    0.0,
    0.0,
    0.0,
    0.0,
    0.0,
    0.0,
    0.0,
    0.0,
    0.0,
    0.0,
    0.0,
    0.0,
    0.0,
    0.0,
    0.0,
    0.0,
    0.0,
    0.0,
    0.0,
    0.0,
    0.0,
    0.0,
    0.0,
    0.0,
    0.0,
    0.0,
    0.0,
    0.0,
    0.0,
    0.0,
    0.0,
    0.0,
    0.0,
    0.0,
    0.0,
    0.0,
    0.0,
    0.0,
    131.0,
    0.0,
    131.0,
    0.0,
    0.0,
    0.0,
    0.0,
    0.0,
    0.0,
    0.0,
    0.0,
    0.0,
    0.0,
    0.0,
    0.0,
    0.0,
    0.0,
    0.0,
    0.0,
    0.0,
    118.0,
    0.0,
    0.0,
    0.0,
    0.0,
    0.0,
    0.0
  ],
  "per_position_used_tokens": [
    4,
    6,
    7,
    6,
    4,
    4,
    4,
    4,
    5,
    6,
    5,
    4,
    5,
    5,
    4,
    6,
    5,
    6,
    5,
    5,
    5,
    3,
    6,
    7,
    5,
    6,
    3,
    5,
    5,
    5,
    5,
    5,
    4,
    6,
    4,
    4,
    6,
    7,
    7,
    6,
    5,
    4,
    4,
    7,
    6,
    5,
    6,
    5,
    4
  ],
  "per_position_perplexity": [
    2.504391818580872,
    4.221686740397734,
    5.568223042771739,
    4.4283898110380315,
    2.6829030848013256,
    2.831594094719484,
    3.4943800688212554,
    2.9257265599673192,
    4.148015496294372,
    5.474850352293471,
    4.3123031257009705,
    2.831594094719484,
    4.021841046332278,
    4.531650292231521,
    3.827170367691972,
    4.858931393520616,
    4.31230312570097,
    4.673818636642921,
    3.5848610148490354,
    4.603782035294115,
    4.155541640365935,
    2.784111521385869,
    5.474850352293471,
    4.756828460010884,
    4.31230312570097,
    4.221686740397734,
    2.675366828465664,
    3.4695215263554946,
    4.366915066037587,
    4.31230312570097,
    4.682298795999884,
    3.1905274373084844,
    2.504391818580872,
    4.36203093066103,
    2.925726559967319,
    3.198557201172535,
    5.106083043687101,
    6.510730992522549,
    6.0721902853474505,
    5.5923652650542035,
    4.31230312570097,
    3.181565267653631,
    2.811450521134735,
    6.168843301631764,
    5.2156825514027005,
    4.551298231586873,
    5.215682551402702,
    4.137602180900962,
    2.2756491157934366
  ],
  "per_position_summary": {
    "used_tokens_min": 3,
    "used_tokens_mean": 5.1020408163265305,
    "used_tokens_max": 7,
    "ppl_min": 2.2756491157934366,
    "ppl_mean": 4.130261709522312,
    "ppl_max": 6.510730992522549
  },
  "run_id": "generation_vqvae_bc1p00_vw1p00_K128_base_seed123",
  "metric_tag": "vqvae_bc1p00_vw1p00_K128",
  "sampler_tag": "base",
  "seed": 123,
  "user_tag": "generation",
  "temperature": null,
  "top_p": null,
  "codebook_scale": null
}