{
  "N_sequences": 16,
  "seq_len": 49,
  "vocab_size": 128,
  "used_tokens": 7,
  "unused_tokens": 121,
  "pct_unused": 0.9453125,
  "token_utilization": 5.46875,
  "entropy_nats": 1.9252375362962673,
  "entropy_bits": 2.7775306461479103,
  "perplexity": 6.856777205934664,
  "effective_vocab_ratio": 0.05356857192136456,
  "token_counts": [
    0.0,
    0.0,
    0.0,
    0.0,
    0.0,
    0.0,
    0.0,
    0.0,
    114.0,
    0.0,
    0.0,
    0.0,
    0.0,
    0.0,
    0.0,
    0.0,
    0.0,
    78.0,
    0.0,
    0.0,
    0.0,
    0.0,
    0.0,
    0.0,
    0.0,
    0.0,
    0.0,
    0.0,
    0.0,
    87.0,
    0.0,
    0.0,
    0.0,
    0.0,
    0.0,
    0.0,
    0.0,
    0.0,
    0.0,
    0.0,
    0.0,
    0.0,
    0.0,
    0.0,
    0.0,
    0.0,
    0.0,
    0.0,
    0.0,
    0.0,
    146.0,
    0.0,
    0.0,
    0.0,
    0.0,
    0.0,
    0.0,
    0.0,
    0.0,
    0.0,
    0.0,
    0.0,
    0.0,
    0.0,
    0.0,
    0.0,
    0.0,
    0.0,
    0.0,
    0.0,
    0.0,
    0.0,
    0.0,
    0.0,
    0.0,
    0.0,
    0.0,
    0.0,
    0.0,
    0.0,
    0.0,
    0.0,
    0.0,
    0.0,
    0.0,
    0.0,
    0.0,
    0.0,
    0.0,
    0.0,
    0.0,
    0.0,
    0.0,
    0.0,
    0.0,
    0.0,
    0.0,
    0.0,
    0.0,
    0.0,
    0.0,
    117.0,
    0.0,
    136.0,
    0.0,
    0.0,
    0.0,
    0.0,
    0.0,
    0.0,
    0.0,
    0.0,
    0.0,
    0.0,
    0.0,
    0.0,
    0.0,
    0.0,
    0.0,
    0.0,
    0.0,
    106.0,
    0.0,
    0.0,
    0.0,
    0.0,
    0.0,
    0.0
  ],
  "per_position_used_tokens": [
    2,
    4,
    6,
    5,
    5,
    4,
    3,
    3,
    3,
    5,
    5,
    3,
    3,
    4,
    4,
    5,
    5,
    6,
    3,
    4,
    4,
    4,
    5,
    6,
    5,
    6,
    4,
    5,
    4,
    6,
    4,
    6,
    6,
    6,
    4,
    4,
    7,
    6,
    5,
    5,
    6,
    4,
    2,
    6,
    7,
    6,
    6,
    4,
    3
  ],
  "per_position_perplexity": [
    1.7547653506033232,
    3.014496776569347,
    4.762154647406401,
    3.9301973370990364,
    2.8218489457419005,
    3.014496776569347,
    2.8387205126507515,
    2.01963929931604,
    2.513040641334882,
    4.782801987708333,
    4.682298795999885,
    2.673193818477041,
    2.296537423407359,
    3.9373282727030876,
    3.6880445006132034,
    4.603782035294115,
    3.7873262182874843,
    5.106083043687101,
    2.6753668284656635,
    3.5386336544967523,
    3.363585661014858,
    3.5386336544967523,
    4.436424665235825,
    5.275827777072008,
    4.060851361608244,
    5.389070770225884,
    3.3966148938007636,
    3.7467482975009925,
    3.361253198789595,
    5.187358218604039,
    3.4943800688212554,
    3.9093186572230967,
    3.7835400531392347,
    4.963225915211198,
    2.2756491157934366,
    2.8891378922424016,
    6.301254424453085,
    5.474850352293471,
    4.148015496294371,
    4.551298231586873,
    4.702599904173469,
    2.831594094719484,
    1.9843952490181158,
    5.5923652650542035,
    6.301254424453085,
    5.474850352293471,
    5.106083043687101,
    3.4943800688212554,
    1.589490554357095
  ],
  "per_position_summary": {
    "used_tokens_min": 2,
    "used_tokens_mean": 4.653061224489796,
    "used_tokens_max": 7,
    "ppl_min": 1.589490554357095,
    "ppl_mean": 3.8584654801717493,
    "ppl_max": 6.301254424453085
  },
  "run_id": "generation_vqvae_bc1p00_vw1p00_K128_refined_seed123_temp0p90_tp0p90_cs1p15",
  "metric_tag": "vqvae_bc1p00_vw1p00_K128",
  "sampler_tag": "refined",
  "seed": 123,
  "user_tag": "generation",
  "temperature": 0.9,
  "top_p": 0.9,
  "codebook_scale": 1.15
}