{
  "N_sequences": 16,
  "seq_len": 49,
  "vocab_size": 128,
  "used_tokens": 7,
  "unused_tokens": 121,
  "pct_unused": 0.9453125,
  "token_utilization": 5.46875,
  "entropy_nats": 1.9236099670666567,
  "entropy_bits": 2.7751825600916478,
  "perplexity": 6.845626403153258,
  "effective_vocab_ratio": 0.053481456274634825,
  "token_counts": [
    0.0,
    0.0,
    0.0,
    0.0,
    0.0,
    0.0,
    0.0,
    0.0,
    116.0,
    0.0,
    0.0,
    0.0,
    0.0,
    0.0,
    0.0,
    0.0,
    0.0,
    75.0,
    0.0,
    0.0,
    0.0,
    0.0,
    0.0,
    0.0,
    0.0,
    0.0,
    0.0,
    0.0,
    0.0,
    90.0,
    0.0,
    0.0,
    0.0,
    0.0,
    0.0,
    0.0,
    0.0,
    0.0,
    0.0,
    0.0,
    0.0,
    0.0,
    0.0,
    0.0,
    0.0,
    0.0,
    0.0,
    0.0,
    0.0,
    0.0,
    148.0,
    0.0,
    0.0,
    0.0,
    0.0,
    0.0,
    0.0,
    0.0,
    0.0,
    0.0,
    0.0,
    0.0,
    0.0,
    0.0,
    0.0,
    0.0,
    0.0,
    0.0,
    0.0,
    0.0,
    0.0,
    0.0,
    0.0,
    0.0,
    0.0,
    0.0,
    0.0,
    0.0,
    0.0,
    0.0,
    0.0,
    0.0,
    0.0,
    0.0,
    0.0,
    0.0,
    0.0,
    0.0,
    0.0,
    0.0,
    0.0,
    0.0,
    0.0,
    0.0,
    0.0,
    0.0,
    0.0,
    0.0,
    0.0,
    0.0,
    0.0,
    108.0,
    0.0,
    138.0,
    0.0,
    0.0,
    0.0,
    0.0,
    0.0,
    0.0,
    0.0,
    0.0,
    0.0,
    0.0,
    0.0,
    0.0,
    0.0,
    0.0,
    0.0,
    0.0,
    0.0,
    109.0,
    0.0,
    0.0,
    0.0,
    0.0,
    0.0,
    0.0
  ],
  "per_position_used_tokens": [
    2,
    4,
    5,
    4,
    4,
    3,
    3,
    2,
    3,
    5,
    5,
    3,
    5,
    4,
    3,
    5,
    4,
    5,
    4,
    4,
    4,
    3,
    6,
    6,
    4,
    5,
    4,
    5,
    4,
    7,
    5,
    5,
    6,
    5,
    4,
    3,
    6,
    6,
    6,
    5,
    5,
    5,
    3,
    6,
    6,
    5,
    6,
    5,
    4
  ],
  "per_position_perplexity": [
    1.7547653506033232,
    3.181565267653631,
    3.827170367691972,
    3.363585661014858,
    2.2756491157934366,
    2.578111495150432,
    2.8387205126507515,
    1.6202453123826384,
    2.296537423407359,
    4.782801987708333,
    4.682298795999885,
    2.414596666096506,
    2.8218489457419005,
    3.7941979290586487,
    2.784111521385869,
    4.40486454619757,
    3.1370259650115107,
    4.366915066037587,
    3.2553654962612746,
    3.9373282727030876,
    3.014496776569347,
    2.784111521385869,
    5.215682551402702,
    5.298702257124208,
    3.1370259650115107,
    4.682298795999884,
    3.4943800688212554,
    3.668016172818685,
    3.198557201172535,
    5.5923652650542035,
    4.021841046332278,
    3.087875256060877,
    4.523442973924328,
    3.8713038100882717,
    2.6829030848013256,
    2.3743888938571454,
    5.275827777072008,
    4.702599904173469,
    4.9204659525782,
    4.40486454619757,
    4.148015496294371,
    2.481612957605599,
    2.2945200462853217,
    5.106083043687101,
    5.275827777072008,
    4.682298795999885,
    4.221686740397734,
    4.3123031257009705,
    1.9908613201724468
  ],
  "per_position_summary": {
    "used_tokens_min": 2,
    "used_tokens_mean": 4.510204081632653,
    "used_tokens_max": 7,
    "ppl_min": 1.6202453123826384,
    "ppl_mean": 3.644531935147177,
    "ppl_max": 5.5923652650542035
  },
  "run_id": "generation_vqvae_bc1p00_vw1p00_K128_refined_seed123_temp0p90_tp0p85_cs1p15",
  "metric_tag": "vqvae_bc1p00_vw1p00_K128",
  "sampler_tag": "refined",
  "seed": 123,
  "user_tag": "generation",
  "temperature": 0.9,
  "top_p": 0.85,
  "codebook_scale": 1.15
}