{
    "connectivity_sweep": {
        "5": 1,
        "8": 1,
        "10": 1,
        "15": 1,
        "20": 1,
        "30": 1
    },
    "best_k_neighbors": 8,
    "best_k_clusters": 4,
    "max_silhouette": 0.4429529937159866,
    "reconstruction": {
        "bce_per_pixel": 0.45449128069196426,
        "n_images": 2000
    }
}