{
  "N_sequences": 60000,
  "seq_len": 49,
  "vocab_size": 64,
  "used_tokens": 7,
  "unused_tokens": 57,
  "pct_unused": 0.890625,
  "token_utilization": 10.9375,
  "entropy_nats": 1.7279944301017454,
  "entropy_bits": 2.492968994991539,
  "perplexity": 5.629352519394073,
  "effective_vocab_ratio": 0.0879586331155324,
  "token_counts": [
    0.0,
    43.0,
    0.0,
    0.0,
    0.0,
    0.0,
    0.0,
    0.0,
    0.0,
    0.0,
    332457.0,
    0.0,
    0.0,
    0.0,
    0.0,
    0.0,
    0.0,
    0.0,
    0.0,
    0.0,
    0.0,
    0.0,
    0.0,
    0.0,
    0.0,
    0.0,
    0.0,
    0.0,
    0.0,
    378836.0,
    0.0,
    0.0,
    0.0,
    0.0,
    0.0,
    0.0,
    0.0,
    0.0,
    0.0,
    0.0,
    0.0,
    0.0,
    0.0,
    0.0,
    0.0,
    0.0,
    651516.0,
    0.0,
    0.0,
    0.0,
    0.0,
    613274.0,
    0.0,
    704772.0,
    0.0,
    0.0,
    0.0,
    0.0,
    0.0,
    259102.0,
    0.0,
    0.0,
    0.0,
    0.0
  ],
  "per_position_used_tokens": [
    6,
    6,
    6,
    6,
    7,
    6,
    6,
    6,
    6,
    6,
    7,
    7,
    7,
    7,
    6,
    6,
    7,
    6,
    7,
    7,
    6,
    6,
    6,
    7,
    6,
    7,
    6,
    6,
    6,
    6,
    6,
    6,
    7,
    6,
    6,
    6,
    6,
    6,
    6,
    6,
    6,
    6,
    6,
    6,
    6,
    6,
    7,
    7,
    6
  ],
  "per_position_perplexity": [
    2.9640176783389336,
    3.8621045859892864,
    4.871468579115337,
    4.324422810964933,
    4.998132575047995,
    4.722219718685851,
    2.6935084605894333,
    3.8916909602695133,
    5.500822648988517,
    5.406489767883783,
    4.320291720488784,
    4.672898103985218,
    4.755916855418628,
    3.992416811712427,
    4.503232538935883,
    5.4628609285626615,
    5.173986074807801,
    3.6726343748565413,
    4.228303446478351,
    5.273783210602719,
    4.898493949366369,
    4.9512809434598,
    5.525349000502791,
    4.635940060145496,
    3.4381216157908834,
    3.8575197618257473,
    5.440400566611267,
    4.8725307427742,
    4.982675611723042,
    5.124885488251218,
    4.626601637632129,
    3.0840566140749566,
    4.320852233756385,
    5.359317902620905,
    5.253823236039283,
    5.217807847998451,
    5.291575492683246,
    4.929456484832296,
    4.128220606647472,
    5.208961266837832,
    5.659713474640775,
    5.217204458896127,
    4.888607359570502,
    5.35361123509755,
    5.0708723811044205,
    4.9109317865157065,
    5.609607002786348,
    5.483046489142968,
    4.235602220366047
  ],
  "per_position_summary": {
    "used_tokens_min": 6,
    "used_tokens_mean": 6.26530612244898,
    "used_tokens_max": 7,
    "ppl_min": 2.6935084605894333,
    "ppl_mean": 4.711597333130956,
    "ppl_max": 5.659713474640775
  },
  "run_id": "dataset_vqvae_bc1p00_vw1p00_K64_dataset_seed0",
  "metric_tag": "vqvae_bc1p00_vw1p00_K64",
  "sampler_tag": "dataset",
  "seed": 0,
  "user_tag": "dataset",
  "temperature": null,
  "top_p": null,
  "codebook_scale": null
}