{
  "N_sequences": 16,
  "seq_len": 49,
  "vocab_size": 64,
  "used_tokens": 6,
  "unused_tokens": 58,
  "pct_unused": 0.90625,
  "token_utilization": 9.375,
  "entropy_nats": 1.7375377933226253,
  "entropy_bits": 2.506737157783704,
  "perplexity": 5.683332641451248,
  "effective_vocab_ratio": 0.08880207252267575,
  "token_counts": [
    0.0,
    0.0,
    0.0,
    0.0,
    0.0,
    0.0,
    0.0,
    0.0,
    0.0,
    0.0,
    88.0,
    0.0,
    0.0,
    0.0,
    0.0,
    0.0,
    0.0,
    0.0,
    0.0,
    0.0,
    0.0,
    0.0,
    0.0,
    0.0,
    0.0,
    0.0,
    0.0,
    0.0,
    0.0,
    168.0,
    0.0,
    0.0,
    0.0,
    0.0,
    0.0,
    0.0,
    0.0,
    0.0,
    0.0,
    0.0,
    0.0,
    0.0,
    0.0,
    0.0,
    0.0,
    0.0,
    137.0,
    0.0,
    0.0,
    0.0,
    0.0,
    166.0,
    0.0,
    162.0,
    0.0,
    0.0,
    0.0,
    0.0,
    0.0,
    63.0,
    0.0,
    0.0,
    0.0,
    0.0
  ],
  "per_position_used_tokens": [
    3,
    4,
    4,
    4,
    5,
    5,
    3,
    3,
    5,
    5,
    4,
    5,
    5,
    5,
    4,
    5,
    6,
    3,
    4,
    4,
    5,
    4,
    6,
    6,
    5,
    3,
    4,
    4,
    5,
    6,
    4,
    4,
    4,
    5,
    5,
    6,
    5,
    6,
    5,
    5,
    6,
    6,
    5,
    5,
    5,
    6,
    5,
    6,
    6
  ],
  "per_position_perplexity": [
    2.2965374234073592,
    2.6829030848013256,
    2.811450521134735,
    3.361253198789595,
    3.8713038100882717,
    4.021841046332278,
    2.673193818477041,
    2.175942995894572,
    3.5848610148490363,
    4.512087172965134,
    3.2553654962612746,
    4.137602180900962,
    4.531650292231521,
    3.9301973370990355,
    3.509530701206646,
    3.469521526355496,
    4.523442973924329,
    2.2945200462853217,
    3.361253198789595,
    3.361253198789595,
    3.8713038100882717,
    3.9373282727030876,
    5.568223042771739,
    4.858931393520615,
    3.469521526355495,
    2.675366828465664,
    3.2553654962612746,
    2.8315940947194833,
    4.285910587006902,
    4.829193332193012,
    3.6880445006132043,
    2.6829030848013256,
    3.6880445006132034,
    4.455659733512512,
    4.782801987708333,
    4.858931393520616,
    4.436424665235825,
    5.275827777072009,
    4.31230312570097,
    4.436424665235825,
    5.474850352293471,
    5.568223042771739,
    3.7467482975009925,
    4.782801987708332,
    3.469521526355495,
    4.9204659525782,
    3.8713038100882717,
    5.128221559132068,
    4.221686740397734
  ],
  "per_position_summary": {
    "used_tokens_min": 3,
    "used_tokens_mean": 4.755102040816326,
    "used_tokens_max": 6,
    "ppl_min": 2.175942995894572,
    "ppl_mean": 3.913257920928751,
    "ppl_max": 5.568223042771739
  },
  "run_id": "generation_vqvae_bc1p00_vw1p00_K64_refined_seed123_temp0p70_tp0p95_cs1p15",
  "metric_tag": "vqvae_bc1p00_vw1p00_K64",
  "sampler_tag": "refined",
  "seed": 123,
  "user_tag": "generation",
  "temperature": 0.7,
  "top_p": 0.95,
  "codebook_scale": 1.15
}