{
  "N_sequences": 16,
  "seq_len": 49,
  "vocab_size": 64,
  "used_tokens": 6,
  "unused_tokens": 58,
  "pct_unused": 0.90625,
  "token_utilization": 9.375,
  "entropy_nats": 1.754227685610249,
  "entropy_bits": 2.53081558262003,
  "perplexity": 5.778982826424477,
  "effective_vocab_ratio": 0.09029660666288246,
  "token_counts": [
    0.0,
    0.0,
    0.0,
    0.0,
    0.0,
    0.0,
    0.0,
    0.0,
    0.0,
    0.0,
    92.0,
    0.0,
    0.0,
    0.0,
    0.0,
    0.0,
    0.0,
    0.0,
    0.0,
    0.0,
    0.0,
    0.0,
    0.0,
    0.0,
    0.0,
    0.0,
    0.0,
    0.0,
    0.0,
    141.0,
    0.0,
    0.0,
    0.0,
    0.0,
    0.0,
    0.0,
    0.0,
    0.0,
    0.0,
    0.0,
    0.0,
    0.0,
    0.0,
    0.0,
    0.0,
    0.0,
    159.0,
    0.0,
    0.0,
    0.0,
    0.0,
    153.0,
    0.0,
    164.0,
    0.0,
    0.0,
    0.0,
    0.0,
    0.0,
    75.0,
    0.0,
    0.0,
    0.0,
    0.0
  ],
  "per_position_used_tokens": [
    3,
    4,
    4,
    4,
    5,
    5,
    4,
    3,
    5,
    5,
    4,
    5,
    5,
    5,
    4,
    5,
    6,
    4,
    5,
    5,
    5,
    4,
    6,
    5,
    6,
    3,
    5,
    4,
    5,
    5,
    5,
    4,
    4,
    5,
    6,
    6,
    5,
    4,
    4,
    5,
    6,
    6,
    5,
    5,
    6,
    6,
    5,
    6,
    6
  ],
  "per_position_perplexity": [
    2.5130406413348823,
    2.811450521134735,
    3.137025965011511,
    3.6880445006132034,
    4.3123031257009705,
    4.085857990775222,
    2.811450521134735,
    2.294520046285322,
    4.285910587006904,
    4.682298795999886,
    3.414755352854538,
    3.9301973370990355,
    4.531650292231521,
    3.8713038100882717,
    3.6880445006132034,
    4.060851361608244,
    5.389070770225885,
    2.504391818580872,
    4.085857990775222,
    4.137602180900963,
    3.8713038100882717,
    3.9373282727030876,
    5.592365265054204,
    4.858931393520616,
    4.173558880195432,
    2.8387205126507515,
    3.9301973370990355,
    3.363585661014858,
    4.3123031257009705,
    4.782801987708333,
    4.021841046332278,
    2.811450521134735,
    3.6880445006132034,
    4.455659733512512,
    5.592365265054204,
    5.592365265054204,
    4.366915066037587,
    3.8756384817567686,
    3.794197929058648,
    4.137602180900962,
    5.592365265054204,
    5.389070770225885,
    4.603782035294116,
    4.858931393520616,
    4.858931393520616,
    5.128221559132067,
    4.3123031257009705,
    5.778275784484803,
    4.67381863664292
  ],
  "per_position_summary": {
    "used_tokens_min": 3,
    "used_tokens_mean": 4.836734693877551,
    "used_tokens_max": 6,
    "ppl_min": 2.294520046285322,
    "ppl_mean": 4.151602128749836,
    "ppl_max": 5.778275784484803
  },
  "run_id": "generation_vqvae_bc1p00_vw1p00_K64_refined_seed123_temp0p80_tp0p95_cs1p15",
  "metric_tag": "vqvae_bc1p00_vw1p00_K64",
  "sampler_tag": "refined",
  "seed": 123,
  "user_tag": "generation",
  "temperature": 0.8,
  "top_p": 0.95,
  "codebook_scale": 1.15
}