{
  "N_sequences": 16,
  "seq_len": 49,
  "vocab_size": 64,
  "used_tokens": 6,
  "unused_tokens": 58,
  "pct_unused": 0.90625,
  "token_utilization": 9.375,
  "entropy_nats": 1.7419978765389703,
  "entropy_bits": 2.5131716977218774,
  "perplexity": 5.708737389510192,
  "effective_vocab_ratio": 0.08919902171109675,
  "token_counts": [
    0.0,
    0.0,
    0.0,
    0.0,
    0.0,
    0.0,
    0.0,
    0.0,
    0.0,
    0.0,
    84.0,
    0.0,
    0.0,
    0.0,
    0.0,
    0.0,
    0.0,
    0.0,
    0.0,
    0.0,
    0.0,
    0.0,
    0.0,
    0.0,
    0.0,
    0.0,
    0.0,
    0.0,
    0.0,
    156.0,
    0.0,
    0.0,
    0.0,
    0.0,
    0.0,
    0.0,
    0.0,
    0.0,
    0.0,
    0.0,
    0.0,
    0.0,
    0.0,
    0.0,
    0.0,
    0.0,
    135.0,
    0.0,
    0.0,
    0.0,
    0.0,
    139.0,
    0.0,
    194.0,
    0.0,
    0.0,
    0.0,
    0.0,
    0.0,
    76.0,
    0.0,
    0.0,
    0.0,
    0.0
  ],
  "per_position_used_tokens": [
    3,
    4,
    4,
    4,
    5,
    5,
    4,
    3,
    5,
    5,
    3,
    4,
    4,
    4,
    4,
    5,
    5,
    2,
    4,
    4,
    5,
    5,
    5,
    6,
    3,
    3,
    5,
    5,
    5,
    6,
    4,
    4,
    4,
    5,
    6,
    5,
    5,
    5,
    5,
    6,
    6,
    6,
    4,
    6,
    5,
    6,
    6,
    6,
    5
  ],
  "per_position_perplexity": [
    2.5130406413348823,
    2.6829030848013256,
    3.014496776569348,
    3.361253198789595,
    3.8713038100882717,
    3.7873262182874843,
    2.9151385299621806,
    2.294520046285322,
    3.469521526355496,
    4.3123031257009705,
    2.675366828465664,
    3.396614893800763,
    3.414755352854538,
    3.363585661014858,
    3.414755352854538,
    3.7467482975009925,
    3.668016172818685,
    1.9378192408783848,
    3.2553654962612746,
    3.363585661014858,
    4.3123031257009705,
    4.366915066037587,
    4.060851361608244,
    4.221686740397734,
    2.1759429958945717,
    2.175942995894572,
    3.469521526355495,
    3.1905274373084844,
    3.1905274373084853,
    4.221686740397734,
    3.1985572011725356,
    2.8315940947194838,
    3.2553654962612746,
    4.285910587006902,
    5.106083043687101,
    4.137602180900963,
    4.858931393520616,
    4.682298795999885,
    4.285910587006902,
    5.106083043687101,
    5.298702257124208,
    5.474850352293471,
    3.137025965011511,
    5.474850352293471,
    4.3123031257009705,
    5.389070770225884,
    5.128221559132068,
    4.858931393520615,
    4.3123031257009705
  ],
  "per_position_summary": {
    "used_tokens_min": 2,
    "used_tokens_mean": 4.653061224489796,
    "used_tokens_max": 6,
    "ppl_min": 1.9378192408783848,
    "ppl_mean": 3.7750800136226377,
    "ppl_max": 5.474850352293471
  },
  "run_id": "generation_vqvae_bc1p00_vw1p00_K64_refined_seed123_temp0p80_tp0p85_cs1p15",
  "metric_tag": "vqvae_bc1p00_vw1p00_K64",
  "sampler_tag": "refined",
  "seed": 123,
  "user_tag": "generation",
  "temperature": 0.8,
  "top_p": 0.85,
  "codebook_scale": 1.15
}