{
  "N_sequences": 16,
  "seq_len": 49,
  "vocab_size": 64,
  "used_tokens": 6,
  "unused_tokens": 58,
  "pct_unused": 0.90625,
  "token_utilization": 9.375,
  "entropy_nats": 1.7428337578822601,
  "entropy_bits": 2.514377619590613,
  "perplexity": 5.713511211484232,
  "effective_vocab_ratio": 0.08927361267944113,
  "token_counts": [
    0.0,
    0.0,
    0.0,
    0.0,
    0.0,
    0.0,
    0.0,
    0.0,
    0.0,
    0.0,
    86.0,
    0.0,
    0.0,
    0.0,
    0.0,
    0.0,
    0.0,
    0.0,
    0.0,
    0.0,
    0.0,
    0.0,
    0.0,
    0.0,
    0.0,
    0.0,
    0.0,
    0.0,
    0.0,
    119.0,
    0.0,
    0.0,
    0.0,
    0.0,
    0.0,
    0.0,
    0.0,
    0.0,
    0.0,
    0.0,
    0.0,
    0.0,
    0.0,
    0.0,
    0.0,
    0.0,
    169.0,
    0.0,
    0.0,
    0.0,
    0.0,
    176.0,
    0.0,
    159.0,
    0.0,
    0.0,
    0.0,
    0.0,
    0.0,
    75.0,
    0.0,
    0.0,
    0.0,
    0.0
  ],
  "per_position_used_tokens": [
    3,
    4,
    4,
    4,
    5,
    5,
    4,
    3,
    5,
    6,
    6,
    5,
    5,
    5,
    4,
    5,
    6,
    5,
    5,
    6,
    5,
    4,
    5,
    6,
    6,
    4,
    6,
    5,
    4,
    4,
    4,
    3,
    5,
    5,
    6,
    5,
    5,
    5,
    5,
    5,
    6,
    6,
    6,
    6,
    5,
    6,
    5,
    6,
    5
  ],
  "per_position_perplexity": [
    2.5130406413348823,
    3.137025965011511,
    3.681365045404687,
    3.8756384817567686,
    4.436424665235825,
    4.531650292231522,
    2.6829030848013256,
    2.175942995894572,
    4.551298231586873,
    5.106083043687101,
    5.187358218604039,
    4.148015496294371,
    4.31230312570097,
    3.469521526355495,
    3.2553654962612746,
    4.366915066037587,
    5.592365265054204,
    3.668016172818685,
    4.3123031257009705,
    5.106083043687101,
    4.682298795999886,
    3.396614893800763,
    4.085857990775222,
    5.128221559132068,
    4.673818636642922,
    2.889137892242401,
    4.858931393520616,
    4.436424665235825,
    3.6880445006132034,
    3.6040068487120482,
    3.137025965011511,
    2.673193818477041,
    4.060851361608244,
    4.060851361608244,
    5.106083043687101,
    4.682298795999886,
    4.3123031257009705,
    4.436424665235825,
    4.155541640365935,
    4.782801987708333,
    5.474850352293471,
    5.474850352293471,
    5.215682551402701,
    5.568223042771737,
    3.8713038100882717,
    5.106083043687101,
    4.148015496294371,
    5.275827777072007,
    3.469521526355496
  ],
  "per_position_summary": {
    "used_tokens_min": 3,
    "used_tokens_mean": 4.959183673469388,
    "used_tokens_max": 6,
    "ppl_min": 2.175942995894572,
    "ppl_mean": 4.215606324036663,
    "ppl_max": 5.592365265054204
  },
  "run_id": "generation_vqvae_bc1p00_vw1p00_K64_base_seed123",
  "metric_tag": "vqvae_bc1p00_vw1p00_K64",
  "sampler_tag": "base",
  "seed": 123,
  "user_tag": "generation",
  "temperature": null,
  "top_p": null,
  "codebook_scale": null
}