{
  "N_sequences": 16,
  "seq_len": 49,
  "vocab_size": 64,
  "used_tokens": 6,
  "unused_tokens": 58,
  "pct_unused": 0.90625,
  "token_utilization": 9.375,
  "entropy_nats": 1.7206059058329144,
  "entropy_bits": 2.4823096076694084,
  "perplexity": 5.587913187954995,
  "effective_vocab_ratio": 0.0873111435617968,
  "token_counts": [
    0.0,
    0.0,
    0.0,
    0.0,
    0.0,
    0.0,
    0.0,
    0.0,
    0.0,
    0.0,
    91.0,
    0.0,
    0.0,
    0.0,
    0.0,
    0.0,
    0.0,
    0.0,
    0.0,
    0.0,
    0.0,
    0.0,
    0.0,
    0.0,
    0.0,
    0.0,
    0.0,
    0.0,
    0.0,
    175.0,
    0.0,
    0.0,
    0.0,
    0.0,
    0.0,
    0.0,
    0.0,
    0.0,
    0.0,
    0.0,
    0.0,
    0.0,
    0.0,
    0.0,
    0.0,
    0.0,
    123.0,
    0.0,
    0.0,
    0.0,
    0.0,
    159.0,
    0.0,
    183.0,
    0.0,
    0.0,
    0.0,
    0.0,
    0.0,
    53.0,
    0.0,
    0.0,
    0.0,
    0.0
  ],
  "per_position_used_tokens": [
    2,
    2,
    4,
    3,
    5,
    3,
    3,
    3,
    5,
    5,
    3,
    4,
    4,
    4,
    3,
    5,
    5,
    2,
    5,
    4,
    5,
    5,
    5,
    5,
    3,
    3,
    4,
    5,
    5,
    5,
    3,
    4,
    4,
    5,
    5,
    3,
    5,
    6,
    5,
    6,
    6,
    6,
    3,
    6,
    6,
    5,
    5,
    6,
    6
  ],
  "per_position_perplexity": [
    1.7547653506033232,
    1.7547653506033232,
    2.5043918185808725,
    2.675366828465664,
    3.1905274373084853,
    2.578111495150432,
    2.3743888938571454,
    2.01963929931604,
    2.8218489457419005,
    3.7873262182874843,
    2.2965374234073592,
    3.414755352854538,
    3.0792014356780038,
    3.137025965011511,
    2.6753668284656635,
    3.469521526355495,
    3.1905274373084853,
    1.8609486313308101,
    4.31230312570097,
    2.8315940947194838,
    4.155541640365935,
    4.155541640365935,
    3.5848610148490354,
    3.0878752560608773,
    2.1759429958945717,
    2.01963929931604,
    2.504391818580872,
    2.481612957605599,
    2.8218489457419005,
    3.0878752560608773,
    2.649351128562104,
    2.8315940947194838,
    2.8315940947194838,
    3.5848610148490354,
    3.668016172818685,
    2.920427746597138,
    4.3123031257009705,
    5.474850352293471,
    4.682298795999885,
    5.128221559132067,
    5.592365265054204,
    5.474850352293471,
    2.5130406413348823,
    5.275827777072007,
    4.221686740397734,
    4.285910587006902,
    3.8713038100882717,
    4.221686740397734,
    4.673818636642922
  ],
  "per_position_summary": {
    "used_tokens_min": 2,
    "used_tokens_mean": 4.36734693877551,
    "used_tokens_max": 6,
    "ppl_min": 1.7547653506033232,
    "ppl_mean": 3.3473072024340635,
    "ppl_max": 5.592365265054204
  },
  "run_id": "generation_vqvae_bc1p00_vw1p00_K64_refined_seed123_temp0p70_tp0p85_cs1p15",
  "metric_tag": "vqvae_bc1p00_vw1p00_K64",
  "sampler_tag": "refined",
  "seed": 123,
  "user_tag": "generation",
  "temperature": 0.7,
  "top_p": 0.85,
  "codebook_scale": 1.15
}