{
  "N_sequences": 16,
  "seq_len": 49,
  "vocab_size": 64,
  "used_tokens": 6,
  "unused_tokens": 58,
  "pct_unused": 0.90625,
  "token_utilization": 9.375,
  "entropy_nats": 1.757758743833806,
  "entropy_bits": 2.5359098228082457,
  "perplexity": 5.799424820954101,
  "effective_vocab_ratio": 0.09061601282740783,
  "token_counts": [
    0.0,
    0.0,
    0.0,
    0.0,
    0.0,
    0.0,
    0.0,
    0.0,
    0.0,
    0.0,
    96.0,
    0.0,
    0.0,
    0.0,
    0.0,
    0.0,
    0.0,
    0.0,
    0.0,
    0.0,
    0.0,
    0.0,
    0.0,
    0.0,
    0.0,
    0.0,
    0.0,
    0.0,
    0.0,
    145.0,
    0.0,
    0.0,
    0.0,
    0.0,
    0.0,
    0.0,
    0.0,
    0.0,
    0.0,
    0.0,
    0.0,
    0.0,
    0.0,
    0.0,
    0.0,
    0.0,
    154.0,
    0.0,
    0.0,
    0.0,
    0.0,
    147.0,
    0.0,
    166.0,
    0.0,
    0.0,
    0.0,
    0.0,
    0.0,
    76.0,
    0.0,
    0.0,
    0.0,
    0.0
  ],
  "per_position_used_tokens": [
    3,
    4,
    4,
    4,
    5,
    5,
    4,
    3,
    5,
    5,
    4,
    4,
    4,
    5,
    4,
    5,
    6,
    3,
    4,
    4,
    5,
    5,
    6,
    6,
    3,
    3,
    6,
    6,
    5,
    6,
    5,
    4,
    4,
    6,
    6,
    6,
    5,
    6,
    6,
    6,
    6,
    6,
    5,
    6,
    5,
    6,
    6,
    6,
    5
  ],
  "per_position_perplexity": [
    2.5130406413348823,
    2.811450521134735,
    3.137025965011511,
    3.396614893800763,
    3.8713038100882717,
    4.155541640365935,
    2.889137892242401,
    2.175942995894572,
    3.5848610148490363,
    4.366915066037586,
    3.361253198789595,
    3.396614893800763,
    3.7467482975009925,
    3.668016172818685,
    3.4943800688212554,
    4.285910587006902,
    4.70259990417347,
    2.2945200462853217,
    3.361253198789595,
    3.1985572011725356,
    4.551298231586873,
    4.40486454619757,
    5.275827777072009,
    4.531650292231521,
    2.414596666096506,
    2.649351128562104,
    4.428389811038031,
    4.362030930661031,
    3.7467482975009925,
    4.67381863664292,
    3.668016172818685,
    3.014496776569348,
    3.4943800688212554,
    4.963225915211197,
    5.592365265054204,
    4.762154647406402,
    4.858931393520616,
    5.474850352293471,
    4.221686740397734,
    5.568223042771737,
    5.778275784484803,
    5.592365265054204,
    3.7873262182874843,
    5.389070770225885,
    4.3123031257009705,
    5.474850352293471,
    4.963225915211198,
    5.474850352293471,
    4.060851361608244
  ],
  "per_position_summary": {
    "used_tokens_min": 3,
    "used_tokens_mean": 4.918367346938775,
    "used_tokens_max": 6,
    "ppl_min": 2.175942995894572,
    "ppl_mean": 4.079626813214954,
    "ppl_max": 5.778275784484803
  },
  "run_id": "generation_vqvae_bc1p00_vw1p00_K64_refined_seed123_temp0p90_tp0p85_cs1p15",
  "metric_tag": "vqvae_bc1p00_vw1p00_K64",
  "sampler_tag": "refined",
  "seed": 123,
  "user_tag": "generation",
  "temperature": 0.9,
  "top_p": 0.85,
  "codebook_scale": 1.15
}