{
  "N_sequences": 16,
  "seq_len": 49,
  "vocab_size": 64,
  "used_tokens": 6,
  "unused_tokens": 58,
  "pct_unused": 0.90625,
  "token_utilization": 9.375,
  "entropy_nats": 1.7595998572225464,
  "entropy_bits": 2.5385659879638958,
  "perplexity": 5.810112054824763,
  "effective_vocab_ratio": 0.09078300085663692,
  "token_counts": [
    0.0,
    0.0,
    0.0,
    0.0,
    0.0,
    0.0,
    0.0,
    0.0,
    0.0,
    0.0,
    99.0,
    0.0,
    0.0,
    0.0,
    0.0,
    0.0,
    0.0,
    0.0,
    0.0,
    0.0,
    0.0,
    0.0,
    0.0,
    0.0,
    0.0,
    0.0,
    0.0,
    0.0,
    0.0,
    132.0,
    0.0,
    0.0,
    0.0,
    0.0,
    0.0,
    0.0,
    0.0,
    0.0,
    0.0,
    0.0,
    0.0,
    0.0,
    0.0,
    0.0,
    0.0,
    0.0,
    152.0,
    0.0,
    0.0,
    0.0,
    0.0,
    149.0,
    0.0,
    173.0,
    0.0,
    0.0,
    0.0,
    0.0,
    0.0,
    79.0,
    0.0,
    0.0,
    0.0,
    0.0
  ],
  "per_position_used_tokens": [
    3,
    4,
    4,
    4,
    5,
    5,
    4,
    3,
    5,
    5,
    4,
    5,
    4,
    5,
    4,
    5,
    6,
    4,
    4,
    4,
    5,
    5,
    6,
    6,
    5,
    3,
    6,
    6,
    5,
    6,
    5,
    4,
    4,
    6,
    6,
    6,
    5,
    5,
    6,
    6,
    6,
    6,
    5,
    6,
    6,
    6,
    6,
    6,
    6
  ],
  "per_position_perplexity": [
    2.5130406413348823,
    2.811450521134735,
    3.137025965011511,
    3.396614893800763,
    4.3123031257009705,
    4.436424665235825,
    2.811450521134735,
    2.175942995894572,
    3.5848610148490363,
    4.148015496294372,
    3.361253198789595,
    3.7873262182874843,
    3.9373282727030867,
    3.8713038100882717,
    3.414755352854539,
    4.455659733512512,
    4.837955402826545,
    2.811450521134735,
    3.361253198789595,
    3.4943800688212554,
    3.8713038100882717,
    3.9301973370990364,
    5.778275784484803,
    4.9204659525782,
    3.4880513612507946,
    2.649351128562104,
    4.428389811038031,
    4.362030930661031,
    4.40486454619757,
    5.106083043687101,
    4.155541640365934,
    2.6829030848013256,
    3.361253198789595,
    4.858931393520615,
    5.389070770225885,
    5.215682551402702,
    4.682298795999885,
    4.756828460010884,
    4.67381863664292,
    5.389070770225884,
    5.215682551402702,
    5.778275784484803,
    4.366915066037586,
    5.389070770225884,
    4.963225915211197,
    5.474850352293471,
    4.221686740397734,
    5.298702257124208,
    4.428389811038031
  ],
  "per_position_summary": {
    "used_tokens_min": 3,
    "used_tokens_mean": 5.020408163265306,
    "used_tokens_max": 6,
    "ppl_min": 2.175942995894572,
    "ppl_mean": 4.161245058654025,
    "ppl_max": 5.778275784484803
  },
  "run_id": "generation_vqvae_bc1p00_vw1p00_K64_refined_seed123_temp0p90_tp0p90_cs1p15",
  "metric_tag": "vqvae_bc1p00_vw1p00_K64",
  "sampler_tag": "refined",
  "seed": 123,
  "user_tag": "generation",
  "temperature": 0.9,
  "top_p": 0.9,
  "codebook_scale": 1.15
}