{
  "N_sequences": 16,
  "seq_len": 49,
  "vocab_size": 64,
  "used_tokens": 6,
  "unused_tokens": 58,
  "pct_unused": 0.90625,
  "token_utilization": 9.375,
  "entropy_nats": 1.7499728589002514,
  "entropy_bits": 2.5246771652256745,
  "perplexity": 5.754446491880001,
  "effective_vocab_ratio": 0.08991322643562502,
  "token_counts": [
    0.0,
    0.0,
    0.0,
    0.0,
    0.0,
    0.0,
    0.0,
    0.0,
    0.0,
    0.0,
    95.0,
    0.0,
    0.0,
    0.0,
    0.0,
    0.0,
    0.0,
    0.0,
    0.0,
    0.0,
    0.0,
    0.0,
    0.0,
    0.0,
    0.0,
    0.0,
    0.0,
    0.0,
    0.0,
    134.0,
    0.0,
    0.0,
    0.0,
    0.0,
    0.0,
    0.0,
    0.0,
    0.0,
    0.0,
    0.0,
    0.0,
    0.0,
    0.0,
    0.0,
    0.0,
    0.0,
    139.0,
    0.0,
    0.0,
    0.0,
    0.0,
    157.0,
    0.0,
    185.0,
    0.0,
    0.0,
    0.0,
    0.0,
    0.0,
    74.0,
    0.0,
    0.0,
    0.0,
    0.0
  ],
  "per_position_used_tokens": [
    3,
    4,
    4,
    4,
    5,
    5,
    4,
    3,
    5,
    5,
    3,
    4,
    4,
    5,
    4,
    5,
    6,
    3,
    3,
    4,
    5,
    4,
    6,
    6,
    3,
    3,
    5,
    5,
    5,
    6,
    4,
    4,
    4,
    5,
    6,
    5,
    5,
    6,
    5,
    6,
    6,
    6,
    5,
    5,
    6,
    6,
    6,
    6,
    6
  ],
  "per_position_perplexity": [
    2.5130406413348823,
    2.811450521134735,
    3.137025965011511,
    3.396614893800763,
    4.3123031257009705,
    4.021841046332278,
    2.811450521134735,
    2.294520046285322,
    3.8713038100882717,
    4.682298795999886,
    2.784111521385869,
    3.1985572011725356,
    3.7941979290586487,
    3.8713038100882717,
    3.6880445006132034,
    4.060851361608245,
    4.70259990417347,
    2.3743888938571454,
    2.784111521385869,
    3.361253198789595,
    4.0,
    4.0,
    5.389070770225884,
    5.128221559132068,
    2.294520046285322,
    2.675366828465664,
    3.7467482975009925,
    3.469521526355495,
    4.285910587006902,
    5.128221559132068,
    3.6880445006132043,
    2.8315940947194838,
    3.794197929058648,
    4.682298795999885,
    5.592365265054204,
    4.436424665235825,
    4.436424665235825,
    5.106083043687101,
    3.8713038100882717,
    5.187358218604039,
    5.778275784484803,
    5.592365265054204,
    4.3123031257009705,
    4.858931393520616,
    4.67381863664292,
    5.275827777072007,
    4.673818636642922,
    5.592365265054204,
    4.67381863664292
  ],
  "per_position_summary": {
    "used_tokens_min": 3,
    "used_tokens_mean": 4.755102040816326,
    "used_tokens_max": 6,
    "ppl_min": 2.294520046285322,
    "ppl_mean": 4.033601426370871,
    "ppl_max": 5.778275784484803
  },
  "run_id": "generation_vqvae_bc1p00_vw1p00_K64_refined_seed123_temp0p80_tp0p90_cs1p15",
  "metric_tag": "vqvae_bc1p00_vw1p00_K64",
  "sampler_tag": "refined",
  "seed": 123,
  "user_tag": "generation",
  "temperature": 0.8,
  "top_p": 0.9,
  "codebook_scale": 1.15
}