{
  "N_sequences": 16,
  "seq_len": 49,
  "vocab_size": 64,
  "used_tokens": 6,
  "unused_tokens": 58,
  "pct_unused": 0.90625,
  "token_utilization": 9.375,
  "entropy_nats": 1.7339716892568615,
  "entropy_bits": 2.5015923571327328,
  "perplexity": 5.663101380642433,
  "effective_vocab_ratio": 0.08848595907253802,
  "token_counts": [
    0.0,
    0.0,
    0.0,
    0.0,
    0.0,
    0.0,
    0.0,
    0.0,
    0.0,
    0.0,
    95.0,
    0.0,
    0.0,
    0.0,
    0.0,
    0.0,
    0.0,
    0.0,
    0.0,
    0.0,
    0.0,
    0.0,
    0.0,
    0.0,
    0.0,
    0.0,
    0.0,
    0.0,
    0.0,
    172.0,
    0.0,
    0.0,
    0.0,
    0.0,
    0.0,
    0.0,
    0.0,
    0.0,
    0.0,
    0.0,
    0.0,
    0.0,
    0.0,
    0.0,
    0.0,
    0.0,
    141.0,
    0.0,
    0.0,
    0.0,
    0.0,
    154.0,
    0.0,
    166.0,
    0.0,
    0.0,
    0.0,
    0.0,
    0.0,
    56.0,
    0.0,
    0.0,
    0.0,
    0.0
  ],
  "per_position_used_tokens": [
    3,
    4,
    4,
    4,
    5,
    5,
    3,
    3,
    5,
    5,
    4,
    4,
    5,
    4,
    4,
    5,
    6,
    3,
    5,
    5,
    5,
    4,
    6,
    6,
    3,
    3,
    5,
    5,
    5,
    5,
    4,
    4,
    4,
    6,
    6,
    4,
    4,
    6,
    5,
    6,
    6,
    6,
    4,
    5,
    4,
    5,
    5,
    6,
    6
  ],
  "per_position_perplexity": [
    2.2965374234073592,
    2.6829030848013256,
    2.811450521134735,
    3.361253198789595,
    3.5848610148490363,
    3.7873262182874843,
    2.673193818477041,
    2.175942995894572,
    3.5848610148490363,
    4.455659733512512,
    3.2553654962612746,
    3.4943800688212554,
    4.31230312570097,
    3.2553654962612746,
    3.361253198789595,
    3.8713038100882717,
    4.523442973924329,
    2.1759429958945717,
    4.021841046332278,
    3.668016172818685,
    4.31230312570097,
    3.8756384817567686,
    5.128221559132067,
    4.428389811038031,
    2.4602329762891006,
    2.4602329762891006,
    3.7467482975009925,
    3.1905274373084844,
    3.5848610148490354,
    3.8713038100882717,
    3.6880445006132043,
    2.6829030848013256,
    3.361253198789595,
    4.67381863664292,
    5.389070770225885,
    3.414755352854539,
    3.9373282727030876,
    5.902303571735049,
    4.551298231586872,
    5.106083043687101,
    5.712402576388878,
    5.568223042771739,
    3.2553654962612746,
    4.436424665235825,
    3.6813650454046867,
    4.682298795999885,
    4.3123031257009705,
    4.963225915211197,
    4.70259990417347
  ],
  "per_position_summary": {
    "used_tokens_min": 3,
    "used_tokens_mean": 4.673469387755102,
    "used_tokens_max": 6,
    "ppl_min": 2.1759429958945717,
    "ppl_mean": 3.84556592101297,
    "ppl_max": 5.902303571735049
  },
  "run_id": "generation_vqvae_bc1p00_vw1p00_K64_refined_seed123_temp0p70_tp0p90_cs1p15",
  "metric_tag": "vqvae_bc1p00_vw1p00_K64",
  "sampler_tag": "refined",
  "seed": 123,
  "user_tag": "generation",
  "temperature": 0.7,
  "top_p": 0.9,
  "codebook_scale": 1.15
}