{
  "N_sequences": 16,
  "seq_len": 49,
  "vocab_size": 64,
  "used_tokens": 6,
  "unused_tokens": 58,
  "pct_unused": 0.90625,
  "token_utilization": 9.375,
  "entropy_nats": 1.7519375923191287,
  "entropy_bits": 2.5275116763857577,
  "perplexity": 5.765763559079314,
  "effective_vocab_ratio": 0.09009005561061428,
  "token_counts": [
    0.0,
    0.0,
    0.0,
    0.0,
    0.0,
    0.0,
    0.0,
    0.0,
    0.0,
    0.0,
    93.0,
    0.0,
    0.0,
    0.0,
    0.0,
    0.0,
    0.0,
    0.0,
    0.0,
    0.0,
    0.0,
    0.0,
    0.0,
    0.0,
    0.0,
    0.0,
    0.0,
    0.0,
    0.0,
    129.0,
    0.0,
    0.0,
    0.0,
    0.0,
    0.0,
    0.0,
    0.0,
    0.0,
    0.0,
    0.0,
    0.0,
    0.0,
    0.0,
    0.0,
    0.0,
    0.0,
    177.0,
    0.0,
    0.0,
    0.0,
    0.0,
    160.0,
    0.0,
    149.0,
    0.0,
    0.0,
    0.0,
    0.0,
    0.0,
    76.0,
    0.0,
    0.0,
    0.0,
    0.0
  ],
  "per_position_used_tokens": [
    3,
    4,
    4,
    4,
    5,
    5,
    4,
    3,
    5,
    5,
    4,
    5,
    5,
    5,
    4,
    4,
    6,
    4,
    5,
    5,
    5,
    5,
    6,
    5,
    6,
    3,
    5,
    5,
    5,
    6,
    5,
    4,
    4,
    5,
    6,
    6,
    6,
    5,
    5,
    5,
    6,
    6,
    5,
    6,
    6,
    6,
    5,
    6,
    5
  ],
  "per_position_perplexity": [
    2.5130406413348823,
    2.811450521134735,
    3.137025965011511,
    3.6880445006132034,
    4.3123031257009705,
    4.436424665235825,
    2.811450521134735,
    2.175942995894572,
    4.285910587006904,
    4.3123031257009705,
    3.7467482975009925,
    3.9301973370990355,
    4.531650292231521,
    3.8713038100882717,
    3.414755352854539,
    3.6880445006132043,
    5.106083043687101,
    2.2756491157934366,
    4.436424665235825,
    4.137602180900963,
    4.285910587006902,
    3.9301973370990364,
    5.389070770225884,
    4.148015496294371,
    3.7835400531392356,
    2.673193818477041,
    4.021841046332278,
    4.148015496294371,
    4.40486454619757,
    5.106083043687101,
    3.668016172818685,
    2.9151385299621806,
    3.2553654962612746,
    4.155541640365934,
    5.275827777072007,
    5.592365265054204,
    5.275827777072009,
    4.531650292231522,
    4.436424665235825,
    4.682298795999885,
    5.389070770225885,
    5.592365265054204,
    4.531650292231522,
    5.106083043687101,
    4.70259990417347,
    5.474850352293471,
    3.5848610148490354,
    5.389070770225884,
    3.9301973370990364
  ],
  "per_position_summary": {
    "used_tokens_min": 3,
    "used_tokens_mean": 4.938775510204081,
    "used_tokens_max": 6,
    "ppl_min": 2.175942995894572,
    "ppl_mean": 4.142903930641635,
    "ppl_max": 5.592365265054204
  },
  "run_id": "generation_vqvae_bc1p00_vw1p00_K64_refined_seed123_temp0p90_tp0p95_cs1p15",
  "metric_tag": "vqvae_bc1p00_vw1p00_K64",
  "sampler_tag": "refined",
  "seed": 123,
  "user_tag": "generation",
  "temperature": 0.9,
  "top_p": 0.95,
  "codebook_scale": 1.15
}